{"stats":{"minecraft:broken":{"minecraft:fishing_rod":1,"minecraft:iron_axe":1,"minecraft:iron_pickaxe":1},"minecraft:mined":{"minecraft:white_bed":12,"minecraft:oak_sapling":1,"minecraft:jungle_leaves":8,"minecraft:obsidian":13,"minecraft:granite":24,"minecraft:grass_block":225,"minecraft:jungle_log":17,"minecraft:cracked_polished_blackstone_bricks":48,"minecraft:soul_soil":25,"minecraft:gilded_blackstone":1,"minecraft:spawner":4,"minecraft:polished_blackstone_bricks":61,"minecraft:magma_block":41,"minecraft:glowstone":8,"minecraft:iron_ore":48,"minecraft:cobbled_deepslate":36,"minecraft:fire":26,"minecraft:pumpkin":5,"minecraft:pointed_dripstone":2,"minecraft:dirt_path":80,"minecraft:white_banner":2,"minecraft:deepslate_redstone_ore":3,"minecraft:blackstone":28,"minecraft:soul_fire":16,"minecraft:torch":16,"minecraft:nether_quartz_ore":5,"minecraft:cobblestone":2,"minecraft:sugar_cane":2,"minecraft:oak_planks":6,"minecraft:wall_torch":7,"minecraft:deepslate_copper_ore":2,"minecraft:chain":7,"minecraft:birch_log":6,"minecraft:jukebox":3,"minecraft:stone_brick_stairs":1,"minecraft:oak_log":117,"minecraft:sand":10,"minecraft:dirt":236,"minecraft:smooth_basalt":1,"minecraft:netherrack":247,"minecraft:oak_leaves":38,"minecraft:deepslate":139,"minecraft:nether_gold_ore":6,"minecraft:tuff":16,"minecraft:mossy_cobblestone":2,"minecraft:deepslate_diamond_ore":69,"minecraft:oak_door":2,"minecraft:glow_lichen":1,"minecraft:hay_block":56,"minecraft:redstone_ore":1,"minecraft:oak_trapdoor":14,"minecraft:furnace":2,"minecraft:andesite":14,"minecraft:gold_block":22,"minecraft:deepslate_iron_ore":50,"minecraft:stripped_oak_log":17,"minecraft:stone":189,"minecraft:bone_block":15,"minecraft:oak_slab":9,"minecraft:soul_sand":183,"minecraft:basalt":23,"minecraft:stone_brick_slab":1,"minecraft:crafting_table":5,"minecraft:blackstone_slab":1,"minecraft:short_grass":117,"minecraft:oak_wood":51,"minecraft:tall_grass":14,"minecraft:lapis_ore":5,"minecraft:deepslate_gold_ore":28,"minecraft:diorite":3,"minecraft:birch_planks":3,"minecraft:white_wall_banner":2,"minecraft:coal_ore":74,"minecraft:gravel":4,"minecraft:dripstone_block":10,"minecraft:cobweb":19,"minecraft:gold_ore":6},"minecraft:killed_by":{"minecraft:piglin_brute":1},"minecraft:custom":{"minecraft:interact_with_crafting_table":76,"minecraft:bell_ring":1,"minecraft:leave_game":9,"minecraft:time_since_death":314120,"minecraft:sprint_one_cm":800186,"minecraft:damage_blocked_by_shield":1597,"minecraft:drop":322,"minecraft:talked_to_villager":34,"minecraft:play_time":652704,"minecraft:deaths":1,"minecraft:jump":7428,"minecraft:walk_on_water_one_cm":128252,"minecraft:interact_with_furnace":64,"minecraft:play_record":22,"minecraft:traded_with_villager":1,"minecraft:sleep_in_bed":24,"minecraft:damage_dealt":28018,"minecraft:crouch_one_cm":37284,"minecraft:horse_one_cm":142705,"minecraft:interact_with_anvil":4,"minecraft:mob_kills":176,"minecraft:interact_with_campfire":10,"minecraft:climb_one_cm":14296,"minecraft:walk_one_cm":2398826,"minecraft:raid_win":3,"minecraft:sneak_time":12767,"minecraft:walk_under_water_one_cm":38611,"minecraft:boat_one_cm":213251,"minecraft:interact_with_blast_furnace":1,"minecraft:total_world_time":652704,"minecraft:raid_trigger":3,"minecraft:time_since_rest":48167,"minecraft:damage_taken":6653,"minecraft:damage_absorbed":58,"minecraft:swim_one_cm":4723,"minecraft:fly_one_cm":238993,"minecraft:open_chest":191,"minecraft:fish_caught":62,"minecraft:fall_one_cm":149540},"minecraft:used":{"minecraft:iron_shovel":706,"minecraft:ladder":2,"minecraft:chest":6,"minecraft:shield":52,"minecraft:soul_sand":84,"minecraft:tuff":10,"minecraft:obsidian":17,"minecraft:jungle_sapling":1,"minecraft:iron_helmet":1,"minecraft:magma_block":40,"minecraft:bow":78,"minecraft:ominous_bottle":3,"minecraft:furnace":4,"minecraft:oak_sapling":24,"minecraft:cooked_cod":2,"minecraft:gold_block":2,"minecraft:golden_boots":1,"minecraft:diamond_boots":1,"minecraft:stone_pickaxe":103,"minecraft:oak_planks":20,"minecraft:blackstone":25,"minecraft:diamond_axe":328,"minecraft:golden_apple":2,"minecraft:crossbow":40,"minecraft:bread":87,"minecraft:diamond_sword":36,"minecraft:fire_charge":1,"minecraft:andesite":15,"minecraft:oak_boat":1,"minecraft:oak_trapdoor":18,"minecraft:cooked_salmon":6,"minecraft:netherrack":175,"minecraft:oak_door":4,"minecraft:torch":126,"minecraft:dirt":405,"minecraft:diamond_helmet":1,"minecraft:oak_wood":89,"minecraft:granite":30,"minecraft:iron_axe":363,"minecraft:jungle_log":2,"minecraft:iron_boots":1,"minecraft:basalt":19,"minecraft:tripwire_hook":1,"minecraft:cooked_beef":2,"minecraft:cobbled_deepslate":184,"minecraft:cooked_mutton":7,"minecraft:water_bucket":123,"minecraft:birch_planks":2,"minecraft:glass_bottle":1,"minecraft:polished_blackstone_bricks":19,"minecraft:gilded_blackstone":2,"minecraft:oak_slab":49,"minecraft:crafting_table":10,"minecraft:white_bed":16,"minecraft:campfire":2,"minecraft:oak_log":61,"minecraft:wooden_hoe":39,"minecraft:diamond_pickaxe":414,"minecraft:cracked_polished_blackstone_bricks":31,"minecraft:iron_pickaxe":768,"minecraft:suspicious_stew":3,"minecraft:stone_axe":12,"minecraft:fishing_rod":156,"minecraft:cobblestone":139,"minecraft:potion":1,"minecraft:white_banner":11,"minecraft:cooked_porkchop":15,"minecraft:bucket":123,"minecraft:pumpkin_pie":1,"minecraft:stripped_oak_log":10,"minecraft:diamond_leggings":2,"minecraft:jukebox":5},"minecraft:dropped":{"minecraft:birch_planks":1,"minecraft:diamond_axe":3,"minecraft:saddle":1,"minecraft:rail":1,"minecraft:cracked_polished_blackstone_bricks":18,"minecraft:dirt":118,"minecraft:cooked_cod":3,"minecraft:chain":5,"minecraft:pumpkin_pie":10,"minecraft:polished_blackstone_bricks":33,"minecraft:iron_pickaxe":1,"minecraft:fishing_rod":7,"minecraft:white_wool":1,"minecraft:gold_ingot":104,"minecraft:gravel":5,"minecraft:sugar_cane":22,"minecraft:wheat":3,"minecraft:pointed_dripstone":1,"minecraft:rotten_flesh":23,"minecraft:glowstone_dust":1,"minecraft:salmon":1,"minecraft:gunpowder":6,"minecraft:beetroot_seeds":6,"minecraft:arrow":23,"minecraft:egg":1,"minecraft:bread":53,"minecraft:wheat_seeds":4,"minecraft:mossy_cobblestone":2,"minecraft:dripstone_block":9,"minecraft:diamond_leggings":1,"minecraft:oak_fence":6,"minecraft:iron_helmet":2,"minecraft:cobblestone":9,"minecraft:granite":10,"minecraft:golden_apple":6,"minecraft:stick":8,"minecraft:pufferfish":2,"minecraft:diorite":3,"minecraft:wooden_hoe":1,"minecraft:brown_wool":1,"minecraft:cooked_salmon":1,"minecraft:diamond_helmet":1,"minecraft:iron_leggings":1,"minecraft:iron_axe":1,"minecraft:string":7,"minecraft:smooth_basalt":2,"minecraft:raw_copper":23,"minecraft:bowl":4,"minecraft:tuff":12,"minecraft:iron_boots":2,"minecraft:pumpkin_seeds":8,"minecraft:shield":1,"minecraft:diamond_chestplate":2,"minecraft:iron_chestplate":2,"minecraft:spider_eye":3,"minecraft:diamond_boots":1,"minecraft:raw_gold":1},"minecraft:crafted":{"minecraft:oak_planks":248,"minecraft:birch_slab":6,"minecraft:cooked_mutton":6,"minecraft:diamond_helmet":1,"minecraft:diamond_leggings":2,"minecraft:bow":1,"minecraft:chest":6,"minecraft:golden_boots":1,"minecraft:oak_slab":72,"minecraft:arrow":16,"minecraft:diamond_axe":3,"minecraft:crafting_table":6,"minecraft:iron_helmet":2,"minecraft:oak_wood":81,"minecraft:birch_planks":24,"minecraft:wooden_hoe":1,"minecraft:iron_chestplate":2,"minecraft:diamond_pickaxe":1,"minecraft:shield":2,"minecraft:stick":68,"minecraft:iron_ingot":94,"minecraft:iron_pickaxe":2,"minecraft:gold_ingot":247,"minecraft:oak_door":6,"minecraft:fishing_rod":7,"minecraft:jukebox":3,"minecraft:furnace":2,"minecraft:oak_trapdoor":12,"minecraft:iron_axe":2,"minecraft:ladder":3,"minecraft:wheat":504,"minecraft:cooked_beef":2,"minecraft:bread":168,"minecraft:oak_boat":1,"minecraft:golden_apple":16,"minecraft:birch_trapdoor":2,"minecraft:iron_leggings":1,"minecraft:white_bed":2,"minecraft:torch":120,"minecraft:diamond_chestplate":1},"minecraft:picked_up":{"minecraft:iron_chestplate":1,"minecraft:wheat":1,"minecraft:suspicious_stew":3,"minecraft:lead":2,"minecraft:diamond_sword":1,"minecraft:enchanted_book":2,"minecraft:potion":7,"minecraft:nether_brick":28,"minecraft:gilded_blackstone":2,"minecraft:stone_brick_stairs":1,"minecraft:music_disc_cat":20,"minecraft:string":55,"minecraft:soul_soil":21,"minecraft:raw_copper":23,"minecraft:cooked_salmon":8,"minecraft:iron_leggings":1,"minecraft:pufferfish":10,"minecraft:diamond_leggings":1,"minecraft:gold_nugget":32,"minecraft:cobbled_deepslate":163,"minecraft:iron_pickaxe":2,"minecraft:furnace":2,"minecraft:iron_boots":3,"minecraft:stick":33,"minecraft:jukebox":2,"minecraft:oak_fence":6,"minecraft:torch":40,"minecraft:porkchop":6,"minecraft:pointed_dripstone":3,"minecraft:diorite":4,"minecraft:cauldron":2,"minecraft:rotten_flesh":55,"minecraft:tropical_fish":3,"minecraft:obsidian":26,"minecraft:cod":34,"minecraft:cobblestone":184,"minecraft:nautilus_shell":1,"minecraft:birch_log":6,"minecraft:magma_block":40,"minecraft:water_bucket":2,"minecraft:andesite":11,"minecraft:jungle_log":17,"minecraft:brown_wool":1,"minecraft:tuff":15,"minecraft:lapis_lazuli":27,"minecraft:dirt":616,"minecraft:leather_boots":1,"minecraft:bone":47,"minecraft:bow":4,"minecraft:wheat_seeds":27,"minecraft:raw_gold":51,"minecraft:diamond_helmet":2,"minecraft:glowstone_dust":27,"minecraft:oak_planks":38,"minecraft:chiseled_polished_blackstone":1,"minecraft:cooked_porkchop":15,"minecraft:sand":54,"minecraft:ink_sac":2,"minecraft:spectral_arrow":28,"minecraft:mossy_cobblestone":2,"minecraft:diamond":63,"minecraft:cracked_polished_blackstone_bricks":66,"minecraft:granite":43,"minecraft:golden_apple":5,"minecraft:bread":74,"minecraft:emerald":2,"minecraft:oak_sapling":24,"minecraft:netherrack":238,"minecraft:diamond_pickaxe":1,"minecraft:fishing_rod":5,"minecraft:crafting_table":4,"minecraft:splash_potion":1,"minecraft:ominous_bottle":4,"minecraft:chicken":3,"minecraft:chest_minecart":2,"minecraft:gold_block":18,"minecraft:chain":5,"minecraft:shield":1,"minecraft:oak_trapdoor":14,"minecraft:iron_axe":3,"minecraft:iron_shovel":4,"minecraft:blackstone":84,"minecraft:beef":3,"minecraft:oak_boat":2,"minecraft:jungle_sapling":1,"minecraft:iron_nugget":60,"minecraft:poppy":2,"minecraft:sugar_cane":14,"minecraft:phantom_membrane":1,"minecraft:egg":4,"minecraft:raw_iron":98,"minecraft:oak_door":2,"minecraft:bowl":3,"minecraft:fire_charge":3,"minecraft:polished_blackstone_bricks":75,"minecraft:redstone":26,"minecraft:arrow":303,"minecraft:diamond_chestplate":2,"minecraft:cooked_cod":13,"minecraft:beetroot_seeds":6,"minecraft:pumpkin_pie":43,"minecraft:diamond_boots":2,"minecraft:hay_block":56,"minecraft:gold_ingot":38,"minecraft:mutton":14,"minecraft:bone_block":15,"minecraft:white_wool":7,"minecraft:rail":22,"minecraft:stripped_oak_log":17,"minecraft:basalt":22,"minecraft:tripwire_hook":3,"minecraft:glow_ink_sac":3,"minecraft:salmon":23,"minecraft:leather":29,"minecraft:blackstone_slab":1,"minecraft:birch_planks":3,"minecraft:lily_pad":2,"minecraft:oak_log":288,"minecraft:gunpowder":9,"minecraft:white_banner":11,"minecraft:cooked_mutton":1,"minecraft:apple":5,"minecraft:iron_ingot":3,"minecraft:stone_pickaxe":1,"minecraft:soul_sand":215,"minecraft:oak_slab":10,"minecraft:smooth_basalt":3,"minecraft:pumpkin":4,"minecraft:stone_brick_slab":1,"minecraft:quartz":45,"minecraft:dandelion":1,"minecraft:raw_iron_block":1,"minecraft:dripstone_block":9,"minecraft:gravel":45,"minecraft:white_bed":14,"minecraft:crying_obsidian":11,"minecraft:spider_eye":5,"minecraft:oak_wood":51,"minecraft:pumpkin_seeds":8,"minecraft:campfire":2,"minecraft:stone_axe":1,"minecraft:diamond_axe":2,"minecraft:melon_seeds":3,"minecraft:coal":87,"minecraft:ender_pearl":8},"minecraft:killed":{"minecraft:cave_spider":2,"minecraft:witch":1,"minecraft:spider":7,"minecraft:skeleton":51,"minecraft:chicken":3,"minecraft:piglin_brute":3,"minecraft:magma_cube":4,"minecraft:piglin":2,"minecraft:pig":2,"minecraft:zombie_villager":1,"minecraft:creeper":6,"minecraft:sheep":9,"minecraft:trader_llama":2,"minecraft:pillager":15,"minecraft:zombie":49,"minecraft:cow":1,"minecraft:vindicator":4,"minecraft:horse":2,"minecraft:drowned":2,"minecraft:ravager":1,"minecraft:enderman":1}},"DataVersion":3953}