{"stats":{"minecraft:broken":{"minecraft:iron_shovel":1,"minecraft:fishing_rod":1,"minecraft:iron_axe":1,"minecraft:iron_pickaxe":1},"minecraft:mined":{"minecraft:white_bed":14,"minecraft:oak_sapling":1,"minecraft:jungle_leaves":8,"minecraft:obsidian":13,"minecraft:granite":24,"minecraft:grass_block":394,"minecraft:jungle_log":17,"minecraft:cracked_polished_blackstone_bricks":48,"minecraft:soul_soil":26,"minecraft:gilded_blackstone":1,"minecraft:spawner":4,"minecraft:polished_blackstone_bricks":61,"minecraft:magma_block":41,"minecraft:glowstone":8,"minecraft:iron_ore":48,"minecraft:cobbled_deepslate":36,"minecraft:fire":27,"minecraft:pumpkin":5,"minecraft:pointed_dripstone":2,"minecraft:dirt_path":80,"minecraft:white_banner":2,"minecraft:deepslate_redstone_ore":3,"minecraft:blackstone":28,"minecraft:soul_fire":43,"minecraft:torch":21,"minecraft:nether_quartz_ore":5,"minecraft:cobblestone":2,"minecraft:sugar_cane":3,"minecraft:oak_planks":6,"minecraft:wall_torch":7,"minecraft:deepslate_copper_ore":2,"minecraft:chain":7,"minecraft:birch_log":6,"minecraft:jukebox":4,"minecraft:stone_brick_stairs":1,"minecraft:oak_log":782,"minecraft:sand":10,"minecraft:dirt":242,"minecraft:smooth_basalt":1,"minecraft:netherrack":268,"minecraft:oak_leaves":200,"minecraft:deepslate":139,"minecraft:nether_gold_ore":6,"minecraft:tuff":16,"minecraft:mossy_cobblestone":2,"minecraft:deepslate_diamond_ore":69,"minecraft:oak_door":2,"minecraft:glow_lichen":1,"minecraft:spruce_leaves":32,"minecraft:hay_block":56,"minecraft:redstone_ore":1,"minecraft:oak_trapdoor":14,"minecraft:furnace":2,"minecraft:andesite":14,"minecraft:gold_block":22,"minecraft:deepslate_iron_ore":50,"minecraft:stripped_oak_log":17,"minecraft:packed_ice":6,"minecraft:stone":189,"minecraft:bone_block":15,"minecraft:oak_slab":9,"minecraft:soul_sand":231,"minecraft:basalt":23,"minecraft:stone_brick_slab":1,"minecraft:crafting_table":5,"minecraft:blackstone_slab":1,"minecraft:short_grass":180,"minecraft:oak_wood":51,"minecraft:tall_grass":15,"minecraft:lapis_ore":5,"minecraft:deepslate_gold_ore":28,"minecraft:diorite":3,"minecraft:birch_planks":3,"minecraft:ice":5,"minecraft:spruce_log":103,"minecraft:birch_leaves":4,"minecraft:white_wall_banner":2,"minecraft:coal_ore":74,"minecraft:gravel":4,"minecraft:dripstone_block":10,"minecraft:cobweb":19,"minecraft:gold_ore":6},"minecraft:killed_by":{"minecraft:piglin_brute":2},"minecraft:custom":{"minecraft:interact_with_crafting_table":82,"minecraft:bell_ring":1,"minecraft:leave_game":9,"minecraft:time_since_death":134849,"minecraft:sprint_one_cm":1109527,"minecraft:damage_blocked_by_shield":1879,"minecraft:drop":344,"minecraft:talked_to_villager":34,"minecraft:play_time":832704,"minecraft:deaths":3,"minecraft:jump":8890,"minecraft:walk_on_water_one_cm":155233,"minecraft:interact_with_furnace":64,"minecraft:play_record":37,"minecraft:traded_with_villager":1,"minecraft:sleep_in_bed":26,"minecraft:damage_dealt":31934,"minecraft:crouch_one_cm":42408,"minecraft:horse_one_cm":142705,"minecraft:interact_with_anvil":4,"minecraft:mob_kills":204,"minecraft:interact_with_campfire":34,"minecraft:climb_one_cm":16273,"minecraft:walk_one_cm":2827487,"minecraft:raid_win":3,"minecraft:sneak_time":14199,"minecraft:walk_under_water_one_cm":55490,"minecraft:boat_one_cm":220592,"minecraft:interact_with_blast_furnace":1,"minecraft:total_world_time":832704,"minecraft:raid_trigger":3,"minecraft:interact_with_grindstone":1,"minecraft:time_since_rest":27375,"minecraft:damage_taken":7869,"minecraft:damage_absorbed":58,"minecraft:swim_one_cm":31099,"minecraft:fly_one_cm":365628,"minecraft:open_chest":231,"minecraft:fish_caught":95,"minecraft:fall_one_cm":177420},"minecraft:used":{"minecraft:iron_shovel":947,"minecraft:ladder":2,"minecraft:chest":11,"minecraft:shield":61,"minecraft:soul_sand":154,"minecraft:tuff":10,"minecraft:obsidian":17,"minecraft:jungle_sapling":1,"minecraft:iron_helmet":1,"minecraft:magma_block":40,"minecraft:bow":81,"minecraft:ominous_bottle":3,"minecraft:furnace":4,"minecraft:oak_sapling":24,"minecraft:cooked_cod":2,"minecraft:gold_block":2,"minecraft:golden_boots":1,"minecraft:diamond_boots":1,"minecraft:stone_pickaxe":103,"minecraft:oak_planks":29,"minecraft:blackstone":25,"minecraft:diamond_axe":1391,"minecraft:golden_apple":2,"minecraft:crossbow":40,"minecraft:crying_obsidian":11,"minecraft:bread":102,"minecraft:diamond_sword":48,"minecraft:fire_charge":1,"minecraft:andesite":15,"minecraft:oak_boat":1,"minecraft:oak_trapdoor":18,"minecraft:cooked_salmon":7,"minecraft:netherrack":242,"minecraft:oak_door":4,"minecraft:torch":163,"minecraft:dirt":446,"minecraft:diamond_helmet":1,"minecraft:oak_wood":89,"minecraft:granite":30,"minecraft:iron_axe":363,"minecraft:jungle_log":2,"minecraft:iron_boots":1,"minecraft:basalt":19,"minecraft:tripwire_hook":1,"minecraft:cooked_beef":2,"minecraft:cobbled_deepslate":184,"minecraft:cooked_mutton":7,"minecraft:water_bucket":129,"minecraft:birch_planks":2,"minecraft:glass_bottle":1,"minecraft:polished_blackstone_bricks":19,"minecraft:gilded_blackstone":2,"minecraft:oak_slab":49,"minecraft:crafting_table":12,"minecraft:white_bed":17,"minecraft:campfire":2,"minecraft:spruce_log":1,"minecraft:oak_log":61,"minecraft:wooden_hoe":39,"minecraft:diamond_pickaxe":414,"minecraft:cracked_polished_blackstone_bricks":31,"minecraft:iron_pickaxe":790,"minecraft:suspicious_stew":3,"minecraft:stone_axe":12,"minecraft:fishing_rod":224,"minecraft:cobblestone":139,"minecraft:potion":2,"minecraft:white_banner":11,"minecraft:cooked_porkchop":15,"minecraft:bucket":129,"minecraft:pumpkin_pie":10,"minecraft:stripped_oak_log":10,"minecraft:diamond_leggings":2,"minecraft:jukebox":6},"minecraft:dropped":{"minecraft:birch_planks":1,"minecraft:diamond_axe":3,"minecraft:leather":2,"minecraft:saddle":1,"minecraft:rail":1,"minecraft:cracked_polished_blackstone_bricks":18,"minecraft:dirt":139,"minecraft:cooked_cod":3,"minecraft:chain":5,"minecraft:pumpkin_pie":41,"minecraft:polished_blackstone_bricks":33,"minecraft:iron_pickaxe":1,"minecraft:fishing_rod":7,"minecraft:white_wool":1,"minecraft:gold_ingot":104,"minecraft:gravel":45,"minecraft:sugar_cane":23,"minecraft:wheat":3,"minecraft:pointed_dripstone":1,"minecraft:rotten_flesh":24,"minecraft:glowstone_dust":1,"minecraft:salmon":4,"minecraft:gunpowder":6,"minecraft:beetroot_seeds":6,"minecraft:arrow":23,"minecraft:egg":1,"minecraft:bread":53,"minecraft:wheat_seeds":4,"minecraft:mossy_cobblestone":2,"minecraft:dripstone_block":9,"minecraft:diamond_leggings":1,"minecraft:oak_fence":6,"minecraft:iron_helmet":2,"minecraft:cobblestone":9,"minecraft:granite":10,"minecraft:tropical_fish":1,"minecraft:golden_apple":6,"minecraft:stick":27,"minecraft:pufferfish":2,"minecraft:diorite":3,"minecraft:ink_sac":1,"minecraft:wooden_hoe":1,"minecraft:brown_wool":1,"minecraft:cooked_salmon":1,"minecraft:diamond_helmet":1,"minecraft:iron_leggings":1,"minecraft:iron_axe":1,"minecraft:iron_shovel":2,"minecraft:string":10,"minecraft:tripwire_hook":1,"minecraft:bucket":1,"minecraft:smooth_basalt":2,"minecraft:raw_copper":23,"minecraft:bowl":4,"minecraft:tuff":12,"minecraft:iron_boots":2,"minecraft:pumpkin_seeds":8,"minecraft:shield":1,"minecraft:diamond_chestplate":2,"minecraft:spruce_planks":4,"minecraft:iron_chestplate":2,"minecraft:spider_eye":3,"minecraft:diamond_boots":1,"minecraft:raw_gold":1},"minecraft:crafted":{"minecraft:oak_planks":248,"minecraft:birch_slab":6,"minecraft:cooked_mutton":6,"minecraft:diamond_helmet":1,"minecraft:diamond_leggings":2,"minecraft:bow":1,"minecraft:chest":11,"minecraft:golden_boots":1,"minecraft:oak_slab":72,"minecraft:arrow":16,"minecraft:diamond_axe":3,"minecraft:crafting_table":8,"minecraft:spruce_planks":16,"minecraft:iron_helmet":2,"minecraft:oak_wood":81,"minecraft:birch_planks":24,"minecraft:wooden_hoe":1,"minecraft:iron_chestplate":2,"minecraft:diamond_pickaxe":1,"minecraft:shield":2,"minecraft:stick":68,"minecraft:iron_ingot":94,"minecraft:iron_pickaxe":2,"minecraft:gold_ingot":247,"minecraft:oak_door":6,"minecraft:fishing_rod":7,"minecraft:jukebox":3,"minecraft:furnace":2,"minecraft:oak_trapdoor":12,"minecraft:iron_axe":2,"minecraft:ladder":3,"minecraft:wheat":504,"minecraft:cooked_beef":2,"minecraft:bread":168,"minecraft:oak_boat":1,"minecraft:golden_apple":16,"minecraft:birch_trapdoor":2,"minecraft:iron_leggings":1,"minecraft:white_bed":2,"minecraft:torch":120,"minecraft:diamond_chestplate":1},"minecraft:picked_up":{"minecraft:iron_chestplate":2,"minecraft:wheat":1,"minecraft:suspicious_stew":3,"minecraft:lead":2,"minecraft:diamond_sword":2,"minecraft:enchanted_book":3,"minecraft:potion":13,"minecraft:nether_brick":28,"minecraft:gilded_blackstone":11,"minecraft:stone_brick_stairs":1,"minecraft:music_disc_cat":22,"minecraft:string":58,"minecraft:soul_soil":21,"minecraft:raw_copper":23,"minecraft:cooked_salmon":9,"minecraft:iron_leggings":2,"minecraft:pufferfish":17,"minecraft:diamond_leggings":3,"minecraft:gold_nugget":37,"minecraft:cobbled_deepslate":163,"minecraft:bucket":1,"minecraft:netherite_upgrade_smithing_template":2,"minecraft:iron_pickaxe":5,"minecraft:furnace":2,"minecraft:iron_boots":4,"minecraft:golden_helmet":1,"minecraft:stick":52,"minecraft:jukebox":3,"minecraft:oak_fence":6,"minecraft:torch":128,"minecraft:porkchop":6,"minecraft:music_disc_pigstep":12,"minecraft:pointed_dripstone":3,"minecraft:diorite":4,"minecraft:cauldron":2,"minecraft:rotten_flesh":56,"minecraft:tropical_fish":4,"minecraft:obsidian":27,"minecraft:cod":57,"minecraft:cobblestone":184,"minecraft:nautilus_shell":1,"minecraft:birch_log":6,"minecraft:magma_block":40,"minecraft:water_bucket":3,"minecraft:andesite":11,"minecraft:jungle_log":17,"minecraft:brown_wool":1,"minecraft:tuff":15,"minecraft:lapis_lazuli":27,"minecraft:dirt":791,"minecraft:leather_boots":1,"minecraft:bone":51,"minecraft:bow":6,"minecraft:wheat_seeds":40,"minecraft:raw_gold":51,"minecraft:diamond_helmet":3,"minecraft:glowstone_dust":27,"minecraft:oak_planks":110,"minecraft:chiseled_polished_blackstone":1,"minecraft:cooked_porkchop":15,"minecraft:sand":54,"minecraft:ink_sac":3,"minecraft:grass_block":1,"minecraft:spectral_arrow":56,"minecraft:mossy_cobblestone":2,"minecraft:diamond":63,"minecraft:cracked_polished_blackstone_bricks":66,"minecraft:crossbow":1,"minecraft:granite":43,"minecraft:bone_meal":1,"minecraft:golden_apple":25,"minecraft:bread":85,"minecraft:emerald":2,"minecraft:piglin_banner_pattern":1,"minecraft:oak_sapling":61,"minecraft:netherrack":262,"minecraft:diamond_pickaxe":1,"minecraft:fishing_rod":5,"minecraft:crafting_table":4,"minecraft:splash_potion":3,"minecraft:ominous_bottle":4,"minecraft:chicken":3,"minecraft:chest_minecart":2,"minecraft:gold_block":18,"minecraft:chain":5,"minecraft:shield":4,"minecraft:oak_trapdoor":14,"minecraft:iron_axe":3,"minecraft:iron_shovel":8,"minecraft:blackstone":84,"minecraft:beef":3,"minecraft:oak_boat":2,"minecraft:jungle_sapling":1,"minecraft:iron_nugget":71,"minecraft:poppy":2,"minecraft:sugar_cane":15,"minecraft:phantom_membrane":1,"minecraft:egg":4,"minecraft:raw_iron":98,"minecraft:oak_door":2,"minecraft:bowl":3,"minecraft:fire_charge":7,"minecraft:polished_blackstone_bricks":75,"minecraft:redstone":26,"minecraft:arrow":429,"minecraft:diamond_chestplate":4,"minecraft:cooked_cod":31,"minecraft:beetroot_seeds":6,"minecraft:pumpkin_pie":190,"minecraft:diamond_boots":2,"minecraft:hay_block":56,"minecraft:gold_ingot":38,"minecraft:mutton":14,"minecraft:bone_block":15,"minecraft:white_wool":7,"minecraft:rail":22,"minecraft:stripped_oak_log":17,"minecraft:basalt":22,"minecraft:tripwire_hook":4,"minecraft:glow_ink_sac":3,"minecraft:salmon":37,"minecraft:leather":55,"minecraft:blackstone_slab":1,"minecraft:birch_planks":3,"minecraft:ancient_debris":1,"minecraft:lily_pad":2,"minecraft:oak_log":944,"minecraft:golden_boots":1,"minecraft:gunpowder":9,"minecraft:white_banner":11,"minecraft:cooked_mutton":1,"minecraft:apple":23,"minecraft:iron_ingot":9,"minecraft:stone_pickaxe":1,"minecraft:iron_sword":2,"minecraft:soul_sand":311,"minecraft:oak_slab":10,"minecraft:smooth_basalt":3,"minecraft:pumpkin":4,"minecraft:stone_brick_slab":1,"minecraft:quartz":46,"minecraft:dandelion":1,"minecraft:raw_iron_block":1,"minecraft:dripstone_block":9,"minecraft:gravel":85,"minecraft:spruce_sapling":10,"minecraft:white_bed":16,"minecraft:spruce_log":290,"minecraft:crying_obsidian":22,"minecraft:spider_eye":5,"minecraft:oak_wood":51,"minecraft:diamond_shovel":1,"minecraft:pumpkin_seeds":8,"minecraft:campfire":2,"minecraft:stone_axe":1,"minecraft:iron_helmet":1,"minecraft:diamond_axe":4,"minecraft:melon_seeds":3,"minecraft:coal":87,"minecraft:ender_pearl":17},"minecraft:killed":{"minecraft:cave_spider":2,"minecraft:witch":1,"minecraft:spider":8,"minecraft:skeleton":57,"minecraft:chicken":3,"minecraft:piglin_brute":3,"minecraft:magma_cube":4,"minecraft:piglin":3,"minecraft:pig":2,"minecraft:zombie_villager":1,"minecraft:salmon":11,"minecraft:creeper":6,"minecraft:sheep":9,"minecraft:trader_llama":2,"minecraft:pillager":15,"minecraft:zombie":56,"minecraft:cow":1,"minecraft:vindicator":4,"minecraft:horse":2,"minecraft:drowned":2,"minecraft:ravager":1,"minecraft:enderman":2}},"DataVersion":3953}