{"stats":{"minecraft:used":{"minecraft:iron_shovel":1025,"minecraft:ladder":2,"minecraft:shield":65,"minecraft:chest":149,"minecraft:soul_sand":154,"minecraft:tuff":10,"minecraft:obsidian":49,"minecraft:jungle_sapling":1,"minecraft:lava_bucket":3,"minecraft:jungle_fence_gate":12,"minecraft:lantern":6,"minecraft:iron_helmet":1,"minecraft:stone_bricks":457,"minecraft:magma_block":40,"minecraft:bow":81,"minecraft:ominous_bottle":3,"minecraft:oak_sapling":26,"minecraft:furnace":14,"minecraft:cooked_cod":2,"minecraft:gold_block":2,"minecraft:golden_boots":1,"minecraft:damaged_anvil":1,"minecraft:diamond_boots":1,"minecraft:spruce_door":8,"minecraft:stone_pickaxe":103,"minecraft:oak_planks":225,"minecraft:blackstone":25,"minecraft:diamond_axe":2969,"minecraft:oak_leaves":58,"minecraft:golden_apple":2,"minecraft:crossbow":40,"minecraft:shears":200,"minecraft:crying_obsidian":11,"minecraft:bread":163,"minecraft:stone_button":46,"minecraft:diamond_sword":48,"minecraft:fire_charge":3,"minecraft:andesite":15,"minecraft:oak_boat":1,"minecraft:bone_meal":1,"minecraft:oak_fence":51,"minecraft:jungle_leaves":70,"minecraft:oak_trapdoor":80,"minecraft:enchanting_table":1,"minecraft:spruce_planks":129,"minecraft:cooked_salmon":7,"minecraft:netherrack":242,"minecraft:oak_door":4,"minecraft:torch":199,"minecraft:brewing_stand":1,"minecraft:dirt":821,"minecraft:spruce_stairs":9,"minecraft:cobblestone_wall":48,"minecraft:diamond_helmet":1,"minecraft:oak_wood":89,"minecraft:granite":30,"minecraft:spruce_fence":60,"minecraft:oak_fence_gate":14,"minecraft:stone_brick_slab":4,"minecraft:bookshelf":1,"minecraft:iron_axe":363,"minecraft:oak_stairs":218,"minecraft:jungle_log":2,"minecraft:iron_boots":1,"minecraft:barrel":1,"minecraft:basalt":19,"minecraft:tripwire_hook":1,"minecraft:cooked_beef":2,"minecraft:cobbled_deepslate":185,"minecraft:wheat_seeds":354,"minecraft:cooked_mutton":7,"minecraft:water_bucket":269,"minecraft:birch_planks":2,"minecraft:lead":1,"minecraft:glass_bottle":1,"minecraft:polished_blackstone_bricks":19,"minecraft:gilded_blackstone":2,"minecraft:crafting_table":19,"minecraft:oak_slab":92,"minecraft:white_bed":18,"minecraft:campfire":56,"minecraft:spruce_log":1,"minecraft:oak_log":811,"minecraft:wooden_hoe":87,"minecraft:diamond_pickaxe":1338,"minecraft:diamond_shovel":1093,"minecraft:cracked_polished_blackstone_bricks":31,"minecraft:iron_pickaxe":821,"minecraft:suspicious_stew":3,"minecraft:spruce_trapdoor":87,"minecraft:stone_axe":12,"minecraft:fishing_rod":244,"minecraft:cobblestone":167,"minecraft:potion":2,"minecraft:white_banner":11,"minecraft:cooked_porkchop":15,"minecraft:bucket":273,"minecraft:pumpkin_pie":38,"minecraft:dandelion":16,"minecraft:stripped_oak_log":59,"minecraft:diamond_leggings":2,"minecraft:jukebox":6,"minecraft:smooth_stone":1},"minecraft:picked_up":{"minecraft:iron_chestplate":2,"minecraft:wheat":268,"minecraft:suspicious_stew":3,"minecraft:lead":14,"minecraft:diamond_sword":3,"minecraft:oak_stairs":54,"minecraft:potion":15,"minecraft:enchanted_book":4,"minecraft:gilded_blackstone":11,"minecraft:nether_brick":28,"minecraft:stone_brick_stairs":1,"minecraft:music_disc_cat":29,"minecraft:string":60,"minecraft:soul_soil":22,"minecraft:raw_copper":23,"minecraft:cooked_salmon":9,"minecraft:iron_leggings":2,"minecraft:pufferfish":17,"minecraft:diamond_leggings":3,"minecraft:cobbled_deepslate":164,"minecraft:gold_nugget":38,"minecraft:smooth_stone":1,"minecraft:bucket":1,"minecraft:spruce_planks":5,"minecraft:netherite_upgrade_smithing_template":2,"minecraft:iron_pickaxe":8,"minecraft:iron_boots":4,"minecraft:furnace":7,"minecraft:golden_helmet":1,"minecraft:stick":74,"minecraft:jukebox":3,"minecraft:oak_fence":9,"minecraft:torch":146,"minecraft:acacia_log":7,"minecraft:spruce_stairs":1,"minecraft:porkchop":8,"minecraft:diorite":4,"minecraft:pointed_dripstone":3,"minecraft:music_disc_pigstep":26,"minecraft:cauldron":2,"minecraft:rotten_flesh":76,"minecraft:tropical_fish":4,"minecraft:obsidian":59,"minecraft:cod":60,"minecraft:cobblestone":1034,"minecraft:nautilus_shell":1,"minecraft:birch_log":6,"minecraft:enchanting_table":1,"minecraft:pink_petals":19,"minecraft:magma_block":40,"minecraft:water_bucket":3,"minecraft:andesite":11,"minecraft:jungle_log":34,"minecraft:brown_wool":1,"minecraft:tuff":15,"minecraft:lapis_lazuli":27,"minecraft:dirt":1865,"minecraft:name_tag":1,"minecraft:leather_boots":1,"minecraft:bone":56,"minecraft:bow":10,"minecraft:wheat_seeds":770,"minecraft:raw_gold":51,"minecraft:mossy_stone_bricks":1,"minecraft:diamond_helmet":3,"minecraft:glowstone_dust":27,"minecraft:oak_planks":131,"minecraft:chiseled_polished_blackstone":1,"minecraft:cooked_porkchop":15,"minecraft:sand":54,"minecraft:stripped_spruce_log":1,"minecraft:ink_sac":3,"minecraft:grass_block":1,"minecraft:spectral_arrow":56,"minecraft:mossy_cobblestone":2,"minecraft:jungle_leaves":70,"minecraft:diamond":63,"minecraft:cracked_polished_blackstone_bricks":66,"minecraft:crossbow":1,"minecraft:granite":43,"minecraft:bone_meal":1,"minecraft:golden_apple":25,"minecraft:emerald":2,"minecraft:bread":85,"minecraft:piglin_banner_pattern":1,"minecraft:oak_sapling":134,"minecraft:netherrack":263,"minecraft:oak_leaves":119,"minecraft:diamond_pickaxe":2,"minecraft:fishing_rod":7,"minecraft:charcoal":6,"minecraft:crafting_table":7,"minecraft:ominous_bottle":4,"minecraft:azure_bluet":2,"minecraft:splash_potion":3,"minecraft:chicken":4,"minecraft:chest_minecart":2,"minecraft:gold_block":18,"minecraft:chain":5,"minecraft:shield":4,"minecraft:oak_trapdoor":18,"minecraft:iron_axe":3,"minecraft:iron_shovel":8,"minecraft:blackstone":84,"minecraft:cracked_stone_bricks":1,"minecraft:beef":4,"minecraft:oak_boat":2,"minecraft:jungle_sapling":1,"minecraft:iron_nugget":71,"minecraft:poppy":3,"minecraft:sugar_cane":15,"minecraft:chest":38,"minecraft:spruce_trapdoor":18,"minecraft:phantom_membrane":3,"minecraft:egg":4,"minecraft:raw_iron":98,"minecraft:oak_door":2,"minecraft:bowl":4,"minecraft:spruce_fence":4,"minecraft:fire_charge":7,"minecraft:polished_blackstone_bricks":75,"minecraft:stone_button":12,"minecraft:redstone":26,"minecraft:arrow":435,"minecraft:diamond_chestplate":4,"minecraft:cooked_cod":31,"minecraft:beetroot_seeds":6,"minecraft:pumpkin_pie":212,"minecraft:diamond_boots":3,"minecraft:hay_block":56,"minecraft:gold_ingot":38,"minecraft:mutton":14,"minecraft:bone_block":15,"minecraft:rail":22,"minecraft:white_wool":7,"minecraft:oxeye_daisy":1,"minecraft:stripped_oak_log":71,"minecraft:basalt":22,"minecraft:glow_ink_sac":3,"minecraft:tripwire_hook":4,"minecraft:salmon":38,"minecraft:leather":59,"minecraft:blackstone_slab":1,"minecraft:birch_planks":3,"minecraft:ancient_debris":1,"minecraft:oak_log":1663,"minecraft:lily_pad":11,"minecraft:golden_boots":1,"minecraft:cobblestone_wall":3,"minecraft:gunpowder":11,"minecraft:white_banner":11,"minecraft:cooked_mutton":1,"minecraft:apple":31,"minecraft:stone_bricks":82,"minecraft:iron_ingot":14,"minecraft:oak_fence_gate":2,"minecraft:stone_pickaxe":1,"minecraft:iron_sword":2,"minecraft:soul_sand":311,"minecraft:book":3,"minecraft:oak_slab":16,"minecraft:smooth_basalt":3,"minecraft:pumpkin":4,"minecraft:stone_brick_slab":2,"minecraft:quartz":46,"minecraft:dandelion":22,"minecraft:raw_iron_block":1,"minecraft:dripstone_block":9,"minecraft:gravel":85,"minecraft:spruce_sapling":27,"minecraft:white_bed":16,"minecraft:spruce_log":471,"minecraft:crying_obsidian":22,"minecraft:spruce_door":5,"minecraft:spider_eye":6,"minecraft:oak_wood":51,"minecraft:diamond_shovel":1,"minecraft:pumpkin_seeds":8,"minecraft:campfire":2,"minecraft:stone_axe":1,"minecraft:short_grass":9,"minecraft:iron_helmet":1,"minecraft:diamond_axe":5,"minecraft:damaged_anvil":1,"minecraft:melon_seeds":3,"minecraft:coal":132,"minecraft:ender_pearl":17},"minecraft:dropped":{"minecraft:birch_planks":1,"minecraft:diamond_axe":4,"minecraft:leather":2,"minecraft:saddle":1,"minecraft:rail":1,"minecraft:cracked_polished_blackstone_bricks":18,"minecraft:dirt":139,"minecraft:stone_button":5,"minecraft:cooked_cod":3,"minecraft:chain":5,"minecraft:pumpkin_pie":41,"minecraft:polished_blackstone_bricks":33,"minecraft:iron_pickaxe":3,"minecraft:fishing_rod":8,"minecraft:white_wool":1,"minecraft:gold_ingot":104,"minecraft:bone":1,"minecraft:gravel":45,"minecraft:sugar_cane":23,"minecraft:wheat":14,"minecraft:pointed_dripstone":1,"minecraft:rotten_flesh":24,"minecraft:glowstone_dust":1,"minecraft:salmon":4,"minecraft:gunpowder":6,"minecraft:beetroot_seeds":6,"minecraft:jungle_log":56,"minecraft:arrow":24,"minecraft:beef":1,"minecraft:egg":1,"minecraft:bread":53,"minecraft:stripped_spruce_log":1,"minecraft:wheat_seeds":31,"minecraft:mossy_cobblestone":2,"minecraft:dripstone_block":9,"minecraft:diamond_leggings":1,"minecraft:oak_fence":6,"minecraft:iron_helmet":2,"minecraft:cobblestone":9,"minecraft:granite":10,"minecraft:tropical_fish":1,"minecraft:golden_apple":6,"minecraft:stick":27,"minecraft:pufferfish":2,"minecraft:diorite":3,"minecraft:ink_sac":1,"minecraft:wooden_hoe":1,"minecraft:brown_wool":1,"minecraft:cooked_salmon":1,"minecraft:diamond_helmet":1,"minecraft:iron_leggings":1,"minecraft:iron_axe":1,"minecraft:iron_shovel":2,"minecraft:string":12,"minecraft:tripwire_hook":1,"minecraft:bucket":1,"minecraft:dandelion":1,"minecraft:smooth_basalt":2,"minecraft:oak_trapdoor":2,"minecraft:raw_copper":23,"minecraft:bowl":4,"minecraft:tuff":12,"minecraft:iron_boots":2,"minecraft:pumpkin_seeds":8,"minecraft:diamond_sword":1,"minecraft:shield":1,"minecraft:diamond_chestplate":2,"minecraft:spruce_trapdoor":2,"minecraft:spruce_planks":5,"minecraft:iron_chestplate":2,"minecraft:spider_eye":3,"minecraft:diamond_boots":1,"minecraft:bow":1,"minecraft:raw_gold":1},"minecraft:killed":{"minecraft:cave_spider":2,"minecraft:witch":1,"minecraft:zombified_piglin":3,"minecraft:spider":13,"minecraft:skeleton":65,"minecraft:chicken":4,"minecraft:piglin_brute":3,"minecraft:magma_cube":4,"minecraft:piglin":3,"minecraft:pig":4,"minecraft:zombie_villager":1,"minecraft:salmon":11,"minecraft:creeper":8,"minecraft:sheep":9,"minecraft:trader_llama":6,"minecraft:pillager":15,"minecraft:zombie":72,"minecraft:cow":2,"minecraft:vindicator":4,"minecraft:phantom":2,"minecraft:horse":3,"minecraft:drowned":4,"minecraft:wandering_trader":2,"minecraft:ravager":1,"minecraft:enderman":3},"minecraft:custom":{"minecraft:open_barrel":2,"minecraft:interact_with_crafting_table":183,"minecraft:bell_ring":1,"minecraft:leave_game":10,"minecraft:time_since_death":674713,"minecraft:sprint_one_cm":2737998,"minecraft:damage_blocked_by_shield":1994,"minecraft:drop":382,"minecraft:talked_to_villager":40,"minecraft:play_time":1372568,"minecraft:deaths":3,"minecraft:jump":12551,"minecraft:walk_on_water_one_cm":202458,"minecraft:enchant_item":3,"minecraft:interact_with_furnace":172,"minecraft:play_record":57,"minecraft:traded_with_villager":1,"minecraft:sleep_in_bed":43,"minecraft:damage_dealt":41609,"minecraft:crouch_one_cm":104339,"minecraft:horse_one_cm":434038,"minecraft:interact_with_anvil":17,"minecraft:mob_kills":254,"minecraft:interact_with_campfire":34,"minecraft:climb_one_cm":17845,"minecraft:walk_one_cm":4405446,"minecraft:raid_win":3,"minecraft:sneak_time":30452,"minecraft:walk_under_water_one_cm":73866,"minecraft:boat_one_cm":220592,"minecraft:interact_with_blast_furnace":1,"minecraft:total_world_time":1372568,"minecraft:raid_trigger":3,"minecraft:interact_with_stonecutter":19,"minecraft:interact_with_grindstone":2,"minecraft:time_since_rest":71040,"minecraft:damage_taken":10297,"minecraft:damage_absorbed":58,"minecraft:swim_one_cm":39882,"minecraft:fly_one_cm":757593,"minecraft:open_chest":455,"minecraft:fish_caught":99,"minecraft:fall_one_cm":282101},"minecraft:mined":{"minecraft:spruce_planks":4,"minecraft:white_bed":14,"minecraft:oak_sapling":1,"minecraft:jungle_leaves":79,"minecraft:obsidian":45,"minecraft:spruce_trapdoor":17,"minecraft:granite":24,"minecraft:acacia_log":8,"minecraft:grass_block":1007,"minecraft:jungle_log":34,"minecraft:cracked_polished_blackstone_bricks":48,"minecraft:soul_soil":28,"minecraft:spawner":4,"minecraft:gilded_blackstone":1,"minecraft:smooth_stone":1,"minecraft:polished_blackstone_bricks":61,"minecraft:magma_block":41,"minecraft:glowstone":8,"minecraft:iron_ore":48,"minecraft:cobbled_deepslate":37,"minecraft:fire":28,"minecraft:pumpkin":5,"minecraft:enchanting_table":1,"minecraft:pointed_dripstone":2,"minecraft:dirt_path":80,"minecraft:oak_stairs":55,"minecraft:white_banner":2,"minecraft:deepslate_redstone_ore":3,"minecraft:blackstone":28,"minecraft:soul_fire":66,"minecraft:torch":25,"minecraft:chest":38,"minecraft:nether_quartz_ore":5,"minecraft:cobblestone":15,"minecraft:damaged_anvil":1,"minecraft:oak_planks":24,"minecraft:sugar_cane":4,"minecraft:wall_torch":7,"minecraft:deepslate_copper_ore":2,"minecraft:pink_petals":11,"minecraft:chain":7,"minecraft:birch_log":6,"minecraft:wheat":259,"minecraft:jukebox":4,"minecraft:stone_brick_stairs":1,"minecraft:oak_log":1509,"minecraft:oak_fence_gate":2,"minecraft:sand":10,"minecraft:dirt":844,"minecraft:smooth_basalt":1,"minecraft:netherrack":269,"minecraft:oak_leaves":448,"minecraft:deepslate":139,"minecraft:nether_gold_ore":6,"minecraft:tuff":16,"minecraft:mossy_cobblestone":2,"minecraft:deepslate_diamond_ore":69,"minecraft:oak_door":2,"minecraft:glow_lichen":1,"minecraft:stone_button":11,"minecraft:spruce_fence":4,"minecraft:spruce_leaves":69,"minecraft:hay_block":56,"minecraft:redstone_ore":1,"minecraft:oak_trapdoor":18,"minecraft:furnace":7,"minecraft:andesite":14,"minecraft:stripped_spruce_log":1,"minecraft:gold_block":22,"minecraft:bookshelf":1,"minecraft:deepslate_iron_ore":50,"minecraft:stripped_oak_log":72,"minecraft:packed_ice":6,"minecraft:stone":938,"minecraft:bone_block":15,"minecraft:oak_slab":15,"minecraft:soul_sand":231,"minecraft:basalt":23,"minecraft:stone_brick_slab":2,"minecraft:dandelion":4,"minecraft:spruce_door":5,"minecraft:oak_fence":3,"minecraft:crafting_table":8,"minecraft:short_grass":236,"minecraft:blackstone_slab":1,"minecraft:oak_wood":51,"minecraft:campfire":3,"minecraft:tall_grass":22,"minecraft:lapis_ore":5,"minecraft:deepslate_gold_ore":28,"minecraft:lily_pad":10,"minecraft:diorite":3,"minecraft:spruce_stairs":1,"minecraft:birch_planks":3,"minecraft:cobblestone_wall":3,"minecraft:ice":5,"minecraft:spruce_log":290,"minecraft:birch_leaves":6,"minecraft:white_wall_banner":2,"minecraft:coal_ore":119,"minecraft:gravel":4,"minecraft:dripstone_block":10,"minecraft:cobweb":19,"minecraft:cracked_stone_bricks":1,"minecraft:stone_bricks":82,"minecraft:mossy_stone_bricks":1,"minecraft:gold_ore":6},"minecraft:killed_by":{"minecraft:piglin_brute":2},"minecraft:crafted":{"minecraft:oak_planks":2276,"minecraft:jungle_fence_gate":17,"minecraft:barrel":8,"minecraft:birch_slab":6,"minecraft:stone":618,"minecraft:bookshelf":1,"minecraft:cooked_mutton":6,"minecraft:stone_brick_slab":4,"minecraft:bow":1,"minecraft:diamond_helmet":1,"minecraft:diamond_leggings":2,"minecraft:chest":117,"minecraft:stone_bricks":4,"minecraft:oak_fence":75,"minecraft:golden_boots":1,"minecraft:oak_slab":144,"minecraft:arrow":16,"minecraft:diamond_axe":4,"minecraft:crafting_table":19,"minecraft:spruce_planks":676,"minecraft:iron_helmet":2,"minecraft:spruce_door":3,"minecraft:oak_wood":81,"minecraft:birch_planks":24,"minecraft:campfire":56,"minecraft:spruce_trapdoor":82,"minecraft:iron_chestplate":2,"minecraft:wooden_hoe":2,"minecraft:diamond_pickaxe":2,"minecraft:shield":2,"minecraft:stick":488,"minecraft:iron_ingot":94,"minecraft:iron_pickaxe":4,"minecraft:gold_ingot":247,"minecraft:shears":1,"minecraft:oak_door":6,"minecraft:fishing_rod":7,"minecraft:jukebox":3,"minecraft:iron_nugget":72,"minecraft:furnace":7,"minecraft:stone_button":54,"minecraft:bone_meal":3,"minecraft:spruce_fence":69,"minecraft:oak_trapdoor":82,"minecraft:lantern":12,"minecraft:spruce_stairs":12,"minecraft:iron_axe":2,"minecraft:ladder":3,"minecraft:cobblestone_wall":34,"minecraft:wheat":504,"minecraft:cooked_beef":2,"minecraft:coal_block":4,"minecraft:bucket":4,"minecraft:air":0,"minecraft:bread":249,"minecraft:jungle_planks":68,"minecraft:oak_fence_gate":18,"minecraft:oak_boat":1,"minecraft:golden_apple":16,"minecraft:birch_trapdoor":2,"minecraft:oak_stairs":172,"minecraft:iron_leggings":1,"minecraft:white_bed":2,"minecraft:acacia_planks":28,"minecraft:torch":120,"minecraft:diamond_chestplate":1},"minecraft:broken":{"minecraft:iron_shovel":2,"minecraft:golden_boots":1,"minecraft:fishing_rod":1,"minecraft:iron_axe":1,"minecraft:iron_pickaxe":1}},"DataVersion":3953}