{"stats":{"minecraft:dropped":{"minecraft:birch_planks":1,"minecraft:diamond_axe":3,"minecraft:rail":1,"minecraft:cracked_polished_blackstone_bricks":18,"minecraft:dirt":117,"minecraft:cooked_cod":3,"minecraft:chain":5,"minecraft:polished_blackstone_bricks":23,"minecraft:fishing_rod":7,"minecraft:white_wool":1,"minecraft:gravel":3,"minecraft:sugar_cane":22,"minecraft:wheat":3,"minecraft:rotten_flesh":5,"minecraft:salmon":1,"minecraft:gunpowder":2,"minecraft:arrow":23,"minecraft:bread":53,"minecraft:wheat_seeds":4,"minecraft:mossy_cobblestone":2,"minecraft:oak_fence":2,"minecraft:iron_helmet":2,"minecraft:cobblestone":3,"minecraft:granite":4,"minecraft:golden_apple":6,"minecraft:pufferfish":2,"minecraft:diorite":1,"minecraft:wooden_hoe":1,"minecraft:brown_wool":1,"minecraft:cooked_salmon":1,"minecraft:iron_leggings":1,"minecraft:iron_axe":1,"minecraft:string":7,"minecraft:bowl":1,"minecraft:tuff":8,"minecraft:iron_boots":2,"minecraft:shield":1,"minecraft:diamond_chestplate":1,"minecraft:iron_chestplate":2,"minecraft:spider_eye":3,"minecraft:raw_gold":1},"minecraft:killed_by":{"minecraft:piglin_brute":1},"minecraft:killed":{"minecraft:cave_spider":1,"minecraft:spider":4,"minecraft:skeleton":37,"minecraft:chicken":3,"minecraft:piglin_brute":3,"minecraft:magma_cube":4,"minecraft:piglin":2,"minecraft:pig":2,"minecraft:zombie_villager":1,"minecraft:creeper":4,"minecraft:sheep":9,"minecraft:trader_llama":2,"minecraft:pillager":15,"minecraft:zombie":32,"minecraft:cow":1,"minecraft:vindicator":4,"minecraft:horse":2,"minecraft:drowned":2,"minecraft:ravager":1},"minecraft:picked_up":{"minecraft:iron_chestplate":1,"minecraft:wheat":1,"minecraft:lead":2,"minecraft:potion":1,"minecraft:gilded_blackstone":2,"minecraft:stone_brick_stairs":1,"minecraft:music_disc_cat":20,"minecraft:string":10,"minecraft:cooked_salmon":8,"minecraft:iron_leggings":1,"minecraft:pufferfish":10,"minecraft:gold_nugget":32,"minecraft:cobbled_deepslate":112,"minecraft:iron_pickaxe":2,"minecraft:iron_boots":3,"minecraft:furnace":2,"minecraft:stick":29,"minecraft:jukebox":2,"minecraft:oak_fence":2,"minecraft:torch":16,"minecraft:porkchop":6,"minecraft:pointed_dripstone":2,"minecraft:diorite":2,"minecraft:cauldron":2,"minecraft:rotten_flesh":35,"minecraft:tropical_fish":3,"minecraft:obsidian":15,"minecraft:cod":34,"minecraft:cobblestone":110,"minecraft:nautilus_shell":1,"minecraft:birch_log":6,"minecraft:magma_block":40,"minecraft:water_bucket":2,"minecraft:andesite":11,"minecraft:jungle_log":17,"minecraft:brown_wool":1,"minecraft:tuff":10,"minecraft:lapis_lazuli":27,"minecraft:dirt":615,"minecraft:leather_boots":1,"minecraft:bone":42,"minecraft:bow":4,"minecraft:wheat_seeds":27,"minecraft:raw_gold":48,"minecraft:diamond_helmet":1,"minecraft:glowstone_dust":26,"minecraft:oak_planks":38,"minecraft:chiseled_polished_blackstone":1,"minecraft:cooked_porkchop":15,"minecraft:sand":54,"minecraft:ink_sac":2,"minecraft:mossy_cobblestone":2,"minecraft:diamond":36,"minecraft:cracked_polished_blackstone_bricks":66,"minecraft:granite":7,"minecraft:golden_apple":5,"minecraft:bread":74,"minecraft:emerald":2,"minecraft:oak_sapling":23,"minecraft:netherrack":122,"minecraft:diamond_pickaxe":1,"minecraft:fishing_rod":5,"minecraft:crafting_table":4,"minecraft:ominous_bottle":4,"minecraft:chicken":3,"minecraft:gold_block":18,"minecraft:chain":5,"minecraft:shield":1,"minecraft:oak_trapdoor":14,"minecraft:iron_axe":3,"minecraft:iron_shovel":2,"minecraft:blackstone":29,"minecraft:beef":3,"minecraft:oak_boat":2,"minecraft:jungle_sapling":1,"minecraft:poppy":2,"minecraft:sugar_cane":14,"minecraft:egg":3,"minecraft:raw_iron":76,"minecraft:oak_door":2,"minecraft:bowl":2,"minecraft:polished_blackstone_bricks":65,"minecraft:redstone":17,"minecraft:arrow":292,"minecraft:diamond_chestplate":1,"minecraft:cooked_cod":13,"minecraft:diamond_boots":1,"minecraft:hay_block":56,"minecraft:gold_ingot":1,"minecraft:mutton":14,"minecraft:white_wool":7,"minecraft:rail":1,"minecraft:stripped_oak_log":17,"minecraft:basalt":20,"minecraft:glow_ink_sac":3,"minecraft:tripwire_hook":3,"minecraft:salmon":23,"minecraft:leather":5,"minecraft:blackstone_slab":1,"minecraft:birch_planks":3,"minecraft:lily_pad":2,"minecraft:oak_log":278,"minecraft:gunpowder":6,"minecraft:white_banner":11,"minecraft:cooked_mutton":1,"minecraft:apple":5,"minecraft:iron_ingot":3,"minecraft:stone_pickaxe":1,"minecraft:soul_sand":22,"minecraft:oak_slab":10,"minecraft:smooth_basalt":1,"minecraft:pumpkin":4,"minecraft:stone_brick_slab":1,"minecraft:dandelion":1,"minecraft:raw_iron_block":1,"minecraft:gravel":3,"minecraft:white_bed":14,"minecraft:spider_eye":4,"minecraft:oak_wood":51,"minecraft:campfire":2,"minecraft:stone_axe":1,"minecraft:diamond_axe":2,"minecraft:coal":85},"minecraft:mined":{"minecraft:white_bed":12,"minecraft:oak_sapling":1,"minecraft:jungle_leaves":8,"minecraft:obsidian":13,"minecraft:granite":5,"minecraft:grass_block":223,"minecraft:jungle_log":17,"minecraft:cracked_polished_blackstone_bricks":48,"minecraft:gilded_blackstone":1,"minecraft:spawner":2,"minecraft:polished_blackstone_bricks":61,"minecraft:magma_block":41,"minecraft:glowstone":8,"minecraft:iron_ore":47,"minecraft:cobbled_deepslate":36,"minecraft:fire":24,"minecraft:pumpkin":5,"minecraft:pointed_dripstone":2,"minecraft:dirt_path":80,"minecraft:white_banner":2,"minecraft:deepslate_redstone_ore":3,"minecraft:blackstone":28,"minecraft:soul_fire":3,"minecraft:torch":1,"minecraft:cobblestone":1,"minecraft:sugar_cane":2,"minecraft:oak_planks":6,"minecraft:chain":7,"minecraft:birch_log":6,"minecraft:jukebox":3,"minecraft:stone_brick_stairs":1,"minecraft:oak_log":107,"minecraft:sand":10,"minecraft:dirt":231,"minecraft:smooth_basalt":1,"minecraft:netherrack":126,"minecraft:oak_leaves":38,"minecraft:deepslate":59,"minecraft:nether_gold_ore":6,"minecraft:tuff":10,"minecraft:mossy_cobblestone":2,"minecraft:deepslate_diamond_ore":36,"minecraft:oak_door":2,"minecraft:hay_block":56,"minecraft:redstone_ore":1,"minecraft:oak_trapdoor":14,"minecraft:furnace":2,"minecraft:andesite":10,"minecraft:gold_block":22,"minecraft:deepslate_iron_ore":30,"minecraft:stripped_oak_log":17,"minecraft:stone":108,"minecraft:oak_slab":9,"minecraft:soul_sand":1,"minecraft:basalt":21,"minecraft:stone_brick_slab":1,"minecraft:crafting_table":5,"minecraft:blackstone_slab":1,"minecraft:short_grass":117,"minecraft:oak_wood":51,"minecraft:tall_grass":14,"minecraft:lapis_ore":5,"minecraft:deepslate_gold_ore":28,"minecraft:diorite":2,"minecraft:birch_planks":3,"minecraft:white_wall_banner":2,"minecraft:coal_ore":71,"minecraft:gold_ore":6},"minecraft:custom":{"minecraft:interact_with_crafting_table":62,"minecraft:bell_ring":1,"minecraft:leave_game":6,"minecraft:time_since_death":179184,"minecraft:sprint_one_cm":470848,"minecraft:damage_blocked_by_shield":1207,"minecraft:drop":161,"minecraft:talked_to_villager":24,"minecraft:play_time":517768,"minecraft:deaths":1,"minecraft:jump":5503,"minecraft:walk_on_water_one_cm":107906,"minecraft:interact_with_furnace":58,"minecraft:play_record":21,"minecraft:traded_with_villager":1,"minecraft:sleep_in_bed":23,"minecraft:damage_dealt":21032,"minecraft:crouch_one_cm":16239,"minecraft:horse_one_cm":142705,"minecraft:mob_kills":136,"minecraft:interact_with_campfire":10,"minecraft:climb_one_cm":10814,"minecraft:walk_one_cm":1881885,"minecraft:raid_win":3,"minecraft:sneak_time":6682,"minecraft:walk_under_water_one_cm":31587,"minecraft:boat_one_cm":213251,"minecraft:interact_with_blast_furnace":1,"minecraft:total_world_time":517768,"minecraft:raid_trigger":3,"minecraft:time_since_rest":13588,"minecraft:damage_taken":5071,"minecraft:damage_absorbed":41,"minecraft:swim_one_cm":4242,"minecraft:fly_one_cm":158149,"minecraft:open_chest":150,"minecraft:fish_caught":62,"minecraft:fall_one_cm":111264},"minecraft:broken":{"minecraft:fishing_rod":1,"minecraft:iron_axe":1},"minecraft:used":{"minecraft:iron_shovel":492,"minecraft:ladder":2,"minecraft:chest":3,"minecraft:shield":40,"minecraft:tuff":10,"minecraft:obsidian":7,"minecraft:jungle_sapling":1,"minecraft:iron_helmet":1,"minecraft:magma_block":40,"minecraft:bow":57,"minecraft:ominous_bottle":3,"minecraft:furnace":4,"minecraft:oak_sapling":23,"minecraft:cooked_cod":2,"minecraft:gold_block":2,"minecraft:stone_pickaxe":103,"minecraft:oak_planks":10,"minecraft:blackstone":25,"minecraft:diamond_axe":225,"minecraft:golden_apple":1,"minecraft:crossbow":40,"minecraft:bread":51,"minecraft:andesite":15,"minecraft:oak_boat":1,"minecraft:oak_trapdoor":18,"minecraft:cooked_salmon":6,"minecraft:netherrack":113,"minecraft:oak_door":4,"minecraft:torch":28,"minecraft:dirt":367,"minecraft:oak_wood":89,"minecraft:iron_axe":363,"minecraft:jungle_log":2,"minecraft:iron_boots":1,"minecraft:basalt":19,"minecraft:tripwire_hook":1,"minecraft:cooked_beef":2,"minecraft:cobbled_deepslate":120,"minecraft:cooked_mutton":7,"minecraft:water_bucket":91,"minecraft:birch_planks":2,"minecraft:glass_bottle":1,"minecraft:polished_blackstone_bricks":19,"minecraft:gilded_blackstone":2,"minecraft:oak_slab":49,"minecraft:crafting_table":8,"minecraft:campfire":2,"minecraft:white_bed":15,"minecraft:oak_log":61,"minecraft:wooden_hoe":39,"minecraft:diamond_pickaxe":414,"minecraft:cracked_polished_blackstone_bricks":31,"minecraft:iron_pickaxe":340,"minecraft:stone_axe":12,"minecraft:fishing_rod":156,"minecraft:cobblestone":71,"minecraft:potion":1,"minecraft:white_banner":11,"minecraft:cooked_porkchop":15,"minecraft:bucket":91,"minecraft:stripped_oak_log":10,"minecraft:jukebox":3},"minecraft:crafted":{"minecraft:oak_planks":208,"minecraft:birch_slab":6,"minecraft:cooked_mutton":6,"minecraft:diamond_helmet":1,"minecraft:diamond_leggings":1,"minecraft:bow":1,"minecraft:chest":3,"minecraft:oak_slab":72,"minecraft:arrow":16,"minecraft:diamond_axe":3,"minecraft:crafting_table":4,"minecraft:iron_helmet":2,"minecraft:oak_wood":81,"minecraft:birch_planks":24,"minecraft:wooden_hoe":1,"minecraft:iron_chestplate":2,"minecraft:diamond_pickaxe":1,"minecraft:shield":2,"minecraft:stick":60,"minecraft:iron_ingot":88,"minecraft:iron_pickaxe":1,"minecraft:gold_ingot":247,"minecraft:oak_door":6,"minecraft:fishing_rod":7,"minecraft:jukebox":1,"minecraft:furnace":2,"minecraft:oak_trapdoor":12,"minecraft:iron_axe":2,"minecraft:ladder":3,"minecraft:wheat":504,"minecraft:cooked_beef":2,"minecraft:bread":168,"minecraft:oak_boat":1,"minecraft:golden_apple":8,"minecraft:birch_trapdoor":2,"minecraft:iron_leggings":1,"minecraft:white_bed":2,"minecraft:torch":120,"minecraft:diamond_chestplate":1}},"DataVersion":3953}