{"stats":{"minecraft:crafted":{"minecraft:grindstone":12,"minecraft:oak_planks":2448,"minecraft:jungle_fence_gate":17,"minecraft:barrel":8,"minecraft:birch_slab":6,"minecraft:stone":643,"minecraft:bookshelf":2,"minecraft:cooked_mutton":6,"minecraft:stone_brick_slab":4,"minecraft:bow":1,"minecraft:diamond_helmet":1,"minecraft:diamond_leggings":2,"minecraft:chest":118,"minecraft:stone_bricks":4,"minecraft:oak_fence":84,"minecraft:golden_boots":1,"minecraft:oak_slab":162,"minecraft:arrow":16,"minecraft:diamond_axe":4,"minecraft:crafting_table":20,"minecraft:spruce_planks":1116,"minecraft:iron_helmet":2,"minecraft:spruce_door":6,"minecraft:oak_wood":81,"minecraft:birch_planks":80,"minecraft:campfire":72,"minecraft:stone_brick_stairs":4,"minecraft:spruce_trapdoor":108,"minecraft:iron_chestplate":2,"minecraft:book":3,"minecraft:wooden_hoe":2,"minecraft:diamond_pickaxe":2,"minecraft:shield":2,"minecraft:stick":612,"minecraft:stone_slab":12,"minecraft:iron_ingot":101,"minecraft:iron_pickaxe":4,"minecraft:gold_ingot":256,"minecraft:shears":1,"minecraft:oak_door":6,"minecraft:fishing_rod":7,"minecraft:jukebox":3,"minecraft:iron_nugget":144,"minecraft:furnace":7,"minecraft:stone_button":54,"minecraft:bone_meal":192,"minecraft:spruce_fence":99,"minecraft:oak_trapdoor":82,"minecraft:lantern":21,"minecraft:spruce_stairs":188,"minecraft:iron_axe":2,"minecraft:ladder":3,"minecraft:cobblestone_wall":34,"minecraft:wheat":504,"minecraft:cooked_beef":2,"minecraft:coal_block":4,"minecraft:bucket":4,"minecraft:air":0,"minecraft:bread":265,"minecraft:jungle_planks":68,"minecraft:oak_fence_gate":18,"minecraft:oak_boat":1,"minecraft:golden_apple":16,"minecraft:birch_trapdoor":2,"minecraft:oak_stairs":188,"minecraft:iron_leggings":1,"minecraft:white_bed":2,"minecraft:acacia_planks":28,"minecraft:torch":188,"minecraft:diamond_chestplate":1},"minecraft:picked_up":{"minecraft:iron_chestplate":6,"minecraft:wheat":317,"minecraft:flower_pot":2,"minecraft:suspicious_stew":3,"minecraft:lead":18,"minecraft:diamond_sword":4,"minecraft:oak_stairs":62,"minecraft:enchanted_book":6,"minecraft:potion":16,"minecraft:gilded_blackstone":11,"minecraft:nether_brick":28,"minecraft:stone_brick_stairs":36,"minecraft:music_disc_cat":29,"minecraft:string":66,"minecraft:waxed_cut_copper_slab":22,"minecraft:soul_soil":22,"minecraft:raw_copper":23,"minecraft:cooked_salmon":9,"minecraft:iron_leggings":2,"minecraft:red_candle":17,"minecraft:pufferfish":17,"minecraft:diamond_leggings":5,"minecraft:smooth_stone":1,"minecraft:gold_nugget":39,"minecraft:cobbled_deepslate":171,"minecraft:bucket":1,"minecraft:spruce_planks":5,"minecraft:trial_key":27,"minecraft:rose_bush":20,"minecraft:netherite_upgrade_smithing_template":2,"minecraft:iron_pickaxe":8,"minecraft:iron_boots":4,"minecraft:furnace":7,"minecraft:golden_helmet":1,"minecraft:tipped_arrow":62,"minecraft:stick":110,"minecraft:jukebox":5,"minecraft:oak_fence":12,"minecraft:torch":222,"minecraft:acacia_log":7,"minecraft:spruce_stairs":8,"minecraft:porkchop":8,"minecraft:pointed_dripstone":3,"minecraft:diorite":9,"minecraft:waxed_copper_grate":14,"minecraft:music_disc_pigstep":32,"minecraft:cauldron":2,"minecraft:honey_bottle":2,"minecraft:rotten_flesh":90,"minecraft:tropical_fish":4,"minecraft:waxed_cut_copper":10,"minecraft:obsidian":59,"minecraft:cod":60,"minecraft:cobblestone":1053,"minecraft:nautilus_shell":1,"minecraft:birch_log":20,"minecraft:enchanting_table":1,"minecraft:pink_petals":19,"minecraft:magma_block":40,"minecraft:andesite":18,"minecraft:water_bucket":5,"minecraft:jungle_log":34,"minecraft:brown_wool":1,"minecraft:tuff":15,"minecraft:lapis_lazuli":49,"minecraft:dirt":1928,"minecraft:lantern":1,"minecraft:name_tag":1,"minecraft:leather_boots":1,"minecraft:bone":171,"minecraft:bow":23,"minecraft:wheat_seeds":880,"minecraft:raw_gold":51,"minecraft:grindstone":1,"minecraft:bolt_armor_trim_smithing_template":2,"minecraft:guster_banner_pattern":2,"minecraft:mossy_stone_bricks":1,"minecraft:diamond_helmet":4,"minecraft:glowstone_dust":27,"minecraft:oak_planks":147,"minecraft:scrape_pottery_sherd":1,"minecraft:chiseled_polished_blackstone":1,"minecraft:cooked_porkchop":15,"minecraft:sand":182,"minecraft:stripped_spruce_log":1,"minecraft:lily_of_the_valley":20,"minecraft:ink_sac":3,"minecraft:grass_block":2,"minecraft:spectral_arrow":56,"minecraft:mossy_cobblestone":2,"minecraft:jungle_leaves":70,"minecraft:diamond":67,"minecraft:waxed_oxidized_copper_grate":17,"minecraft:cracked_polished_blackstone_bricks":66,"minecraft:breeze_rod":26,"minecraft:crossbow":1,"minecraft:granite":43,"minecraft:bone_meal":1,"minecraft:golden_apple":41,"minecraft:emerald":38,"minecraft:bread":98,"minecraft:music_disc_precipice":2,"minecraft:piglin_banner_pattern":1,"minecraft:oak_sapling":157,"minecraft:ominous_trial_key":1,"minecraft:netherrack":263,"minecraft:oak_leaves":148,"minecraft:diamond_pickaxe":3,"minecraft:fishing_rod":7,"minecraft:charcoal":8,"minecraft:crafting_table":8,"minecraft:splash_potion":4,"minecraft:azure_bluet":2,"minecraft:ominous_bottle":5,"minecraft:chicken":4,"minecraft:ladder":1,"minecraft:chest_minecart":2,"minecraft:gold_block":19,"minecraft:chain":5,"minecraft:shield":6,"minecraft:brick":66,"minecraft:wind_charge":42,"minecraft:oak_trapdoor":18,"minecraft:iron_axe":4,"minecraft:iron_shovel":8,"minecraft:blackstone":84,"minecraft:cracked_stone_bricks":1,"minecraft:beef":4,"minecraft:oak_boat":2,"minecraft:chiseled_tuff":2,"minecraft:jungle_sapling":1,"minecraft:iron_nugget":71,"minecraft:poppy":3,"minecraft:guster_pottery_sherd":1,"minecraft:sugar_cane":15,"minecraft:chest":42,"minecraft:egg":6,"minecraft:phantom_membrane":8,"minecraft:spruce_trapdoor":22,"minecraft:raw_iron":98,"minecraft:oak_door":2,"minecraft:bowl":4,"minecraft:spruce_fence":4,"minecraft:fire_charge":7,"minecraft:polished_blackstone_bricks":75,"minecraft:flow_pottery_sherd":1,"minecraft:stone_button":13,"minecraft:redstone":26,"minecraft:music_disc_creator_music_box":1,"minecraft:arrow":592,"minecraft:diamond_chestplate":5,"minecraft:cooked_cod":31,"minecraft:beetroot_seeds":6,"minecraft:pumpkin_pie":256,"minecraft:peony":15,"minecraft:diamond_boots":4,"minecraft:hay_block":56,"minecraft:gold_ingot":38,"minecraft:tuff_bricks":23,"minecraft:mutton":37,"minecraft:white_wool":22,"minecraft:bone_block":36,"minecraft:rail":22,"minecraft:oxeye_daisy":1,"minecraft:stripped_oak_log":71,"minecraft:basalt":22,"minecraft:golden_carrot":2,"minecraft:glow_ink_sac":3,"minecraft:tripwire_hook":4,"minecraft:salmon":39,"minecraft:leather":82,"minecraft:blackstone_slab":1,"minecraft:birch_planks":3,"minecraft:filled_map":2,"minecraft:oak_log":1933,"minecraft:waxed_copper_block":12,"minecraft:lily_pad":11,"minecraft:ancient_debris":1,"minecraft:golden_boots":1,"minecraft:cobblestone_wall":3,"minecraft:gunpowder":17,"minecraft:paper":2,"minecraft:white_banner":11,"minecraft:cooked_mutton":1,"minecraft:apple":37,"minecraft:stone_bricks":84,"minecraft:stone_pickaxe":1,"minecraft:iron_ingot":29,"minecraft:oak_fence_gate":2,"minecraft:polished_tuff_slab":1,"minecraft:cooked_chicken":4,"minecraft:glass_bottle":1,"minecraft:iron_sword":2,"minecraft:soul_sand":311,"minecraft:book":3,"minecraft:oak_slab":26,"minecraft:smooth_basalt":3,"minecraft:pumpkin":4,"minecraft:dandelion":22,"minecraft:stone_brick_slab":2,"minecraft:quartz":46,"minecraft:raw_iron_block":1,"minecraft:dripstone_block":9,"minecraft:gravel":85,"minecraft:spruce_sapling":86,"minecraft:white_bed":17,"minecraft:spruce_log":805,"minecraft:crying_obsidian":22,"minecraft:spider_eye":6,"minecraft:spruce_door":5,"minecraft:polished_tuff":4,"minecraft:oak_wood":51,"minecraft:diamond_shovel":2,"minecraft:pumpkin_seeds":8,"minecraft:campfire":2,"minecraft:stone_axe":1,"minecraft:short_grass":9,"minecraft:iron_helmet":1,"minecraft:diamond_axe":8,"minecraft:oak_button":1,"minecraft:baked_potato":8,"minecraft:damaged_anvil":1,"minecraft:melon_seeds":3,"minecraft:coal":132,"minecraft:chiseled_tuff_bricks":8,"minecraft:ender_pearl":18},"minecraft:custom":{"minecraft:interact_with_crafting_table":225,"minecraft:open_barrel":27,"minecraft:bell_ring":1,"minecraft:leave_game":14,"minecraft:time_since_death":51607,"minecraft:sprint_one_cm":3776065,"minecraft:damage_blocked_by_shield":2878,"minecraft:drop":451,"minecraft:talked_to_villager":40,"minecraft:play_time":1807283,"minecraft:deaths":4,"minecraft:jump":16741,"minecraft:walk_on_water_one_cm":248561,"minecraft:enchant_item":3,"minecraft:interact_with_furnace":192,"minecraft:play_record":62,"minecraft:traded_with_villager":1,"minecraft:sleep_in_bed":48,"minecraft:damage_dealt":84487,"minecraft:crouch_one_cm":129436,"minecraft:inspect_dispenser":3,"minecraft:horse_one_cm":546289,"minecraft:interact_with_anvil":19,"minecraft:mob_kills":497,"minecraft:interact_with_campfire":34,"minecraft:climb_one_cm":21976,"minecraft:walk_one_cm":5649830,"minecraft:raid_win":3,"minecraft:sneak_time":42513,"minecraft:walk_under_water_one_cm":100892,"minecraft:boat_one_cm":220592,"minecraft:interact_with_blast_furnace":2,"minecraft:total_world_time":1807283,"minecraft:raid_trigger":3,"minecraft:interact_with_stonecutter":22,"minecraft:interact_with_grindstone":4,"minecraft:time_since_rest":51684,"minecraft:damage_taken":14138,"minecraft:damage_absorbed":209,"minecraft:swim_one_cm":67469,"minecraft:fly_one_cm":1141996,"minecraft:open_chest":655,"minecraft:fall_one_cm":402790,"minecraft:fish_caught":99},"minecraft:broken":{"minecraft:iron_shovel":2,"minecraft:golden_boots":1,"minecraft:fishing_rod":1,"minecraft:iron_axe":1,"minecraft:iron_pickaxe":1},"minecraft:mined":{"minecraft:waxed_cut_copper_slab":23,"minecraft:spruce_planks":4,"minecraft:white_bed":15,"minecraft:oak_sapling":1,"minecraft:jungle_leaves":79,"minecraft:spruce_trapdoor":21,"minecraft:obsidian":45,"minecraft:granite":24,"minecraft:grass_block":1024,"minecraft:acacia_log":8,"minecraft:jungle_log":34,"minecraft:cracked_polished_blackstone_bricks":48,"minecraft:soul_soil":28,"minecraft:chiseled_tuff_bricks":8,"minecraft:tuff_bricks":19,"minecraft:spawner":4,"minecraft:gilded_blackstone":1,"minecraft:polished_blackstone_bricks":61,"minecraft:smooth_stone":1,"minecraft:magma_block":41,"minecraft:glowstone":8,"minecraft:iron_ore":48,"minecraft:fire":31,"minecraft:cobbled_deepslate":39,"minecraft:polished_tuff":6,"minecraft:pumpkin":5,"minecraft:enchanting_table":1,"minecraft:pointed_dripstone":2,"minecraft:dirt_path":80,"minecraft:oak_stairs":63,"minecraft:polished_tuff_slab":2,"minecraft:white_banner":2,"minecraft:waxed_cut_copper":11,"minecraft:deepslate_redstone_ore":3,"minecraft:blackstone":28,"minecraft:soul_fire":85,"minecraft:torch":32,"minecraft:chest":42,"minecraft:nether_quartz_ore":5,"minecraft:cobblestone":19,"minecraft:damaged_anvil":1,"minecraft:oak_planks":31,"minecraft:sugar_cane":4,"minecraft:grindstone":1,"minecraft:wall_torch":8,"minecraft:deepslate_copper_ore":2,"minecraft:pink_petals":11,"minecraft:chain":7,"minecraft:waxed_copper_bulb":3,"minecraft:red_candle":6,"minecraft:birch_log":20,"minecraft:wheat":307,"minecraft:waxed_copper_block":11,"minecraft:jukebox":6,"minecraft:stone_brick_stairs":38,"minecraft:oak_log":1780,"minecraft:oak_fence_gate":2,"minecraft:sand":145,"minecraft:dirt":864,"minecraft:smooth_basalt":1,"minecraft:netherrack":269,"minecraft:oak_leaves":582,"minecraft:deepslate":139,"minecraft:nether_gold_ore":6,"minecraft:tuff":16,"minecraft:mossy_cobblestone":2,"minecraft:deepslate_diamond_ore":69,"minecraft:oak_door":2,"minecraft:glow_lichen":1,"minecraft:ladder":1,"minecraft:stone_button":11,"minecraft:spruce_fence":4,"minecraft:decorated_pot":9,"minecraft:spruce_leaves":140,"minecraft:large_fern":1,"minecraft:hay_block":56,"minecraft:vault":1,"minecraft:redstone_ore":1,"minecraft:oak_trapdoor":18,"minecraft:furnace":7,"minecraft:waxed_copper_grate":14,"minecraft:andesite":14,"minecraft:stripped_spruce_log":1,"minecraft:gold_block":23,"minecraft:peony":16,"minecraft:chiseled_tuff":3,"minecraft:bookshelf":1,"minecraft:deepslate_iron_ore":50,"minecraft:lantern":1,"minecraft:stripped_oak_log":72,"minecraft:packed_ice":7,"minecraft:stone":939,"minecraft:bone_block":36,"minecraft:oak_slab":42,"minecraft:soul_sand":231,"minecraft:lily_of_the_valley":20,"minecraft:basalt":23,"minecraft:stone_brick_slab":2,"minecraft:dandelion":4,"minecraft:spruce_door":5,"minecraft:oak_fence":6,"minecraft:crafting_table":9,"minecraft:short_grass":248,"minecraft:blackstone_slab":1,"minecraft:oak_wood":51,"minecraft:campfire":4,"minecraft:tall_grass":25,"minecraft:red_glazed_terracotta":1,"minecraft:lapis_ore":5,"minecraft:deepslate_gold_ore":28,"minecraft:lily_pad":10,"minecraft:diorite":3,"minecraft:spruce_stairs":8,"minecraft:birch_planks":3,"minecraft:cobblestone_wall":3,"minecraft:waxed_oxidized_copper_grate":9,"minecraft:ice":5,"minecraft:spruce_log":631,"minecraft:birch_leaves":6,"minecraft:white_wall_banner":2,"minecraft:coal_ore":119,"minecraft:flower_pot":2,"minecraft:gravel":4,"minecraft:dripstone_block":10,"minecraft:cobweb":19,"minecraft:cracked_stone_bricks":1,"minecraft:oak_button":1,"minecraft:stone_bricks":84,"minecraft:mossy_stone_bricks":1,"minecraft:gold_ore":6,"minecraft:fern":2},"minecraft:killed":{"minecraft:cave_spider":2,"minecraft:zombified_piglin":3,"minecraft:witch":1,"minecraft:spider":19,"minecraft:skeleton":88,"minecraft:chicken":4,"minecraft:silverfish":6,"minecraft:piglin_brute":3,"minecraft:magma_cube":4,"minecraft:piglin":3,"minecraft:pig":4,"minecraft:zombie_villager":2,"minecraft:salmon":11,"minecraft:creeper":14,"minecraft:sheep":24,"minecraft:trader_llama":8,"minecraft:pillager":15,"minecraft:donkey":1,"minecraft:zombie":106,"minecraft:stray":104,"minecraft:cow":6,"minecraft:vindicator":4,"minecraft:phantom":8,"minecraft:horse":22,"minecraft:drowned":7,"minecraft:wandering_trader":2,"minecraft:ravager":1,"minecraft:polar_bear":1,"minecraft:breeze":8,"minecraft:enderman":4},"minecraft:used":{"minecraft:iron_shovel":1025,"minecraft:ladder":2,"minecraft:shield":99,"minecraft:chest":154,"minecraft:soul_sand":154,"minecraft:tuff":10,"minecraft:obsidian":49,"minecraft:jungle_sapling":1,"minecraft:lava_bucket":3,"minecraft:jungle_fence_gate":12,"minecraft:lantern":22,"minecraft:iron_helmet":1,"minecraft:stone_brick_stairs":105,"minecraft:stone_bricks":473,"minecraft:magma_block":40,"minecraft:bow":81,"minecraft:ominous_bottle":4,"minecraft:oak_sapling":26,"minecraft:furnace":14,"minecraft:cooked_cod":2,"minecraft:gold_block":2,"minecraft:golden_boots":1,"minecraft:damaged_anvil":1,"minecraft:diamond_boots":1,"minecraft:spruce_door":10,"minecraft:stone_pickaxe":103,"minecraft:oak_planks":302,"minecraft:blackstone":25,"minecraft:diamond_axe":4504,"minecraft:oak_leaves":148,"minecraft:golden_apple":6,"minecraft:crossbow":40,"minecraft:shears":229,"minecraft:polished_tuff":2,"minecraft:crying_obsidian":11,"minecraft:bread":197,"minecraft:stone_button":47,"minecraft:diamond_sword":48,"minecraft:fire_charge":3,"minecraft:grindstone":5,"minecraft:andesite":15,"minecraft:oak_boat":1,"minecraft:bone_meal":1,"minecraft:oak_fence":54,"minecraft:jungle_leaves":70,"minecraft:oak_trapdoor":80,"minecraft:enchanting_table":1,"minecraft:spruce_planks":129,"minecraft:cooked_salmon":7,"minecraft:trial_key":11,"minecraft:oak_door":4,"minecraft:torch":215,"minecraft:cooked_chicken":3,"minecraft:netherrack":242,"minecraft:brewing_stand":1,"minecraft:dirt":912,"minecraft:spruce_stairs":189,"minecraft:cobblestone_wall":48,"minecraft:diamond_helmet":2,"minecraft:oak_wood":89,"minecraft:granite":30,"minecraft:spruce_fence":83,"minecraft:oak_fence_gate":14,"minecraft:stone_brick_slab":25,"minecraft:bookshelf":2,"minecraft:waxed_cut_copper":1,"minecraft:iron_axe":363,"minecraft:oak_stairs":248,"minecraft:jungle_log":2,"minecraft:iron_boots":1,"minecraft:barrel":1,"minecraft:basalt":19,"minecraft:tripwire_hook":1,"minecraft:cooked_beef":2,"minecraft:cobbled_deepslate":185,"minecraft:wheat_seeds":402,"minecraft:cooked_mutton":7,"minecraft:water_bucket":415,"minecraft:lead":1,"minecraft:birch_planks":2,"minecraft:glass_bottle":1,"minecraft:baked_potato":2,"minecraft:polished_blackstone_bricks":19,"minecraft:gilded_blackstone":2,"minecraft:crafting_table":21,"minecraft:oak_slab":133,"minecraft:white_bed":19,"minecraft:campfire":65,"minecraft:spruce_log":1,"minecraft:oak_log":935,"minecraft:wooden_hoe":87,"minecraft:diamond_pickaxe":1520,"minecraft:diamond_shovel":1237,"minecraft:cracked_polished_blackstone_bricks":31,"minecraft:iron_pickaxe":821,"minecraft:suspicious_stew":3,"minecraft:spruce_trapdoor":95,"minecraft:spruce_sapling":43,"minecraft:stone_axe":12,"minecraft:fishing_rod":244,"minecraft:cobblestone":171,"minecraft:potion":2,"minecraft:white_banner":11,"minecraft:cooked_porkchop":15,"minecraft:dandelion":16,"minecraft:bucket":419,"minecraft:diamond_leggings":2,"minecraft:stripped_oak_log":59,"minecraft:jukebox":8,"minecraft:pumpkin_pie":84,"minecraft:smooth_stone":1},"minecraft:dropped":{"minecraft:birch_planks":1,"minecraft:diamond_axe":5,"minecraft:ominous_bottle":1,"minecraft:leather":2,"minecraft:saddle":1,"minecraft:rail":1,"minecraft:music_disc_creator_music_box":1,"minecraft:cracked_polished_blackstone_bricks":18,"minecraft:dirt":140,"minecraft:stone_button":5,"minecraft:cooked_cod":3,"minecraft:chain":5,"minecraft:gold_nugget":1,"minecraft:pumpkin_pie":41,"minecraft:phantom_membrane":2,"minecraft:polished_blackstone_bricks":33,"minecraft:iron_pickaxe":3,"minecraft:fishing_rod":8,"minecraft:white_wool":1,"minecraft:gold_ingot":104,"minecraft:bone":53,"minecraft:waxed_cut_copper_slab":14,"minecraft:gravel":45,"minecraft:sugar_cane":23,"minecraft:chiseled_tuff_bricks":8,"minecraft:cobbled_deepslate":2,"minecraft:wheat":14,"minecraft:pointed_dripstone":1,"minecraft:rotten_flesh":24,"minecraft:oak_planks":10,"minecraft:glowstone_dust":1,"minecraft:waxed_copper_block":12,"minecraft:salmon":4,"minecraft:tipped_arrow":36,"minecraft:red_candle":3,"minecraft:gunpowder":6,"minecraft:beetroot_seeds":6,"minecraft:jungle_log":56,"minecraft:lingering_potion":2,"minecraft:ladder":1,"minecraft:arrow":72,"minecraft:chiseled_tuff":2,"minecraft:beef":1,"minecraft:splash_potion":3,"minecraft:egg":3,"minecraft:bread":53,"minecraft:stripped_spruce_log":1,"minecraft:wheat_seeds":31,"minecraft:mossy_cobblestone":2,"minecraft:dripstone_block":9,"minecraft:diamond_leggings":1,"minecraft:oak_fence":6,"minecraft:iron_helmet":2,"minecraft:cobblestone":9,"minecraft:waxed_copper_grate":3,"minecraft:polished_tuff":1,"minecraft:granite":10,"minecraft:tropical_fish":1,"minecraft:golden_apple":6,"minecraft:stick":27,"minecraft:pufferfish":2,"minecraft:diorite":3,"minecraft:golden_carrot":2,"minecraft:ink_sac":1,"minecraft:wooden_hoe":2,"minecraft:brown_wool":1,"minecraft:cooked_salmon":1,"minecraft:diamond_helmet":1,"minecraft:iron_leggings":1,"minecraft:iron_axe":1,"minecraft:iron_shovel":2,"minecraft:paper":2,"minecraft:string":18,"minecraft:tripwire_hook":1,"minecraft:bucket":1,"minecraft:dandelion":1,"minecraft:smooth_basalt":2,"minecraft:tuff_bricks":21,"minecraft:oak_trapdoor":2,"minecraft:raw_copper":23,"minecraft:polished_tuff_slab":1,"minecraft:bowl":4,"minecraft:tuff":12,"minecraft:iron_boots":2,"minecraft:pumpkin_seeds":8,"minecraft:diamond_sword":1,"minecraft:shield":2,"minecraft:flower_pot":2,"minecraft:oak_button":1,"minecraft:trial_key":5,"minecraft:diamond_chestplate":2,"minecraft:waxed_cut_copper":4,"minecraft:spruce_trapdoor":2,"minecraft:spruce_planks":5,"minecraft:iron_chestplate":3,"minecraft:oak_sapling":8,"minecraft:spider_eye":3,"minecraft:diamond_boots":1,"minecraft:bow":11,"minecraft:raw_gold":1,"minecraft:waxed_oxidized_copper_grate":9,"minecraft:brick":33},"minecraft:killed_by":{"minecraft:piglin_brute":2,"minecraft:player":1}},"DataVersion":3953}