{"stats":{"minecraft:dropped":{"minecraft:bread":53,"minecraft:birch_planks":1,"minecraft:wheat_seeds":4,"minecraft:diamond_axe":3,"minecraft:mossy_cobblestone":2,"minecraft:oak_fence":2,"minecraft:iron_helmet":2,"minecraft:cobblestone":3,"minecraft:granite":4,"minecraft:rail":1,"minecraft:golden_apple":4,"minecraft:pufferfish":2,"minecraft:cracked_polished_blackstone_bricks":18,"minecraft:dirt":117,"minecraft:diorite":1,"minecraft:wooden_hoe":1,"minecraft:cooked_cod":3,"minecraft:brown_wool":1,"minecraft:cooked_salmon":1,"minecraft:iron_leggings":1,"minecraft:chain":5,"minecraft:iron_axe":1,"minecraft:polished_blackstone_bricks":23,"minecraft:string":7,"minecraft:fishing_rod":7,"minecraft:white_wool":1,"minecraft:gravel":3,"minecraft:sugar_cane":22,"minecraft:bowl":1,"minecraft:tuff":8,"minecraft:wheat":3,"minecraft:rotten_flesh":5,"minecraft:iron_boots":2,"minecraft:salmon":1,"minecraft:shield":1,"minecraft:gunpowder":2,"minecraft:diamond_chestplate":1,"minecraft:iron_chestplate":2,"minecraft:spider_eye":3,"minecraft:arrow":23,"minecraft:raw_gold":1},"minecraft:killed_by":{"minecraft:piglin_brute":1},"minecraft:killed":{"minecraft:cave_spider":1,"minecraft:spider":4,"minecraft:vindicator":4,"minecraft:horse":2,"minecraft:skeleton":19,"minecraft:chicken":3,"minecraft:drowned":2,"minecraft:piglin_brute":3,"minecraft:magma_cube":4,"minecraft:piglin":2,"minecraft:pig":2,"minecraft:ravager":1,"minecraft:creeper":2,"minecraft:sheep":9,"minecraft:trader_llama":2,"minecraft:pillager":15,"minecraft:zombie":23,"minecraft:cow":1},"minecraft:picked_up":{"minecraft:fishing_rod":5,"minecraft:iron_chestplate":1,"minecraft:crafting_table":2,"minecraft:wheat":1,"minecraft:ominous_bottle":4,"minecraft:chicken":3,"minecraft:lead":2,"minecraft:gold_block":18,"minecraft:potion":1,"minecraft:gilded_blackstone":2,"minecraft:stone_brick_stairs":1,"minecraft:chain":5,"minecraft:shield":1,"minecraft:music_disc_cat":20,"minecraft:oak_trapdoor":14,"minecraft:string":10,"minecraft:cooked_salmon":8,"minecraft:iron_axe":3,"minecraft:iron_leggings":1,"minecraft:pufferfish":10,"minecraft:iron_shovel":2,"minecraft:blackstone":29,"minecraft:gold_nugget":32,"minecraft:cobbled_deepslate":101,"minecraft:beef":3,"minecraft:oak_boat":2,"minecraft:jungle_sapling":1,"minecraft:poppy":2,"minecraft:sugar_cane":14,"minecraft:furnace":2,"minecraft:iron_boots":3,"minecraft:egg":2,"minecraft:raw_iron":67,"minecraft:stick":29,"minecraft:jukebox":2,"minecraft:oak_door":2,"minecraft:oak_fence":2,"minecraft:torch":12,"minecraft:bowl":2,"minecraft:porkchop":6,"minecraft:polished_blackstone_bricks":65,"minecraft:diorite":1,"minecraft:redstone":17,"minecraft:cauldron":2,"minecraft:arrow":271,"minecraft:rotten_flesh":27,"minecraft:diamond_chestplate":1,"minecraft:cooked_cod":13,"minecraft:tropical_fish":3,"minecraft:diamond_boots":1,"minecraft:hay_block":56,"minecraft:gold_ingot":1,"minecraft:mutton":14,"minecraft:obsidian":15,"minecraft:cod":34,"minecraft:rail":1,"minecraft:white_wool":7,"minecraft:cobblestone":107,"minecraft:birch_log":6,"minecraft:nautilus_shell":1,"minecraft:stripped_oak_log":17,"minecraft:magma_block":40,"minecraft:basalt":20,"minecraft:jungle_log":15,"minecraft:andesite":9,"minecraft:tripwire_hook":3,"minecraft:water_bucket":2,"minecraft:salmon":23,"minecraft:leather":5,"minecraft:brown_wool":1,"minecraft:blackstone_slab":1,"minecraft:birch_planks":3,"minecraft:tuff":10,"minecraft:oak_log":271,"minecraft:lily_pad":2,"minecraft:gunpowder":5,"minecraft:lapis_lazuli":27,"minecraft:dirt":615,"minecraft:white_banner":11,"minecraft:cooked_mutton":1,"minecraft:leather_boots":1,"minecraft:bone":23,"minecraft:apple":3,"minecraft:bow":3,"minecraft:wheat_seeds":27,"minecraft:raw_gold":45,"minecraft:iron_ingot":3,"minecraft:stone_pickaxe":1,"minecraft:diamond_helmet":1,"minecraft:glowstone_dust":26,"minecraft:oak_planks":38,"minecraft:soul_sand":22,"minecraft:oak_slab":10,"minecraft:chiseled_polished_blackstone":1,"minecraft:cooked_porkchop":15,"minecraft:pumpkin":4,"minecraft:stone_brick_slab":1,"minecraft:dandelion":1,"minecraft:raw_iron_block":1,"minecraft:gravel":3,"minecraft:sand":54,"minecraft:ink_sac":2,"minecraft:white_bed":12,"minecraft:spider_eye":4,"minecraft:mossy_cobblestone":2,"minecraft:oak_wood":51,"minecraft:stone_axe":1,"minecraft:diamond":20,"minecraft:campfire":2,"minecraft:cracked_polished_blackstone_bricks":66,"minecraft:granite":4,"minecraft:diamond_axe":2,"minecraft:golden_apple":5,"minecraft:emerald":2,"minecraft:bread":74,"minecraft:oak_sapling":23,"minecraft:netherrack":122,"minecraft:coal":27,"minecraft:diamond_pickaxe":1},"minecraft:mined":{"minecraft:nether_gold_ore":6,"minecraft:tuff":10,"minecraft:white_bed":10,"minecraft:oak_sapling":1,"minecraft:mossy_cobblestone":2,"minecraft:deepslate_diamond_ore":20,"minecraft:oak_door":2,"minecraft:jungle_leaves":8,"minecraft:obsidian":13,"minecraft:granite":1,"minecraft:grass_block":223,"minecraft:jungle_log":15,"minecraft:cracked_polished_blackstone_bricks":48,"minecraft:spawner":2,"minecraft:gilded_blackstone":1,"minecraft:hay_block":56,"minecraft:polished_blackstone_bricks":61,"minecraft:redstone_ore":1,"minecraft:magma_block":41,"minecraft:oak_trapdoor":14,"minecraft:glowstone":8,"minecraft:furnace":2,"minecraft:iron_ore":39,"minecraft:fire":24,"minecraft:cobbled_deepslate":36,"minecraft:andesite":10,"minecraft:pumpkin":5,"minecraft:gold_block":22,"minecraft:dirt_path":80,"minecraft:deepslate_iron_ore":28,"minecraft:stripped_oak_log":17,"minecraft:stone":105,"minecraft:white_banner":2,"minecraft:deepslate_redstone_ore":3,"minecraft:oak_slab":9,"minecraft:soul_sand":1,"minecraft:blackstone":28,"minecraft:soul_fire":3,"minecraft:basalt":21,"minecraft:stone_brick_slab":1,"minecraft:crafting_table":3,"minecraft:torch":1,"minecraft:short_grass":116,"minecraft:blackstone_slab":1,"minecraft:oak_wood":51,"minecraft:tall_grass":14,"minecraft:cobblestone":1,"minecraft:deepslate_gold_ore":24,"minecraft:lapis_ore":5,"minecraft:oak_planks":6,"minecraft:sugar_cane":2,"minecraft:diorite":2,"minecraft:chain":7,"minecraft:birch_planks":3,"minecraft:birch_log":6,"minecraft:jukebox":3,"minecraft:white_wall_banner":2,"minecraft:stone_brick_stairs":1,"minecraft:coal_ore":21,"minecraft:oak_log":100,"minecraft:sand":10,"minecraft:dirt":231,"minecraft:netherrack":126,"minecraft:gold_ore":6,"minecraft:oak_leaves":30,"minecraft:deepslate":55},"minecraft:custom":{"minecraft:mob_kills":105,"minecraft:interact_with_crafting_table":61,"minecraft:interact_with_campfire":10,"minecraft:bell_ring":1,"minecraft:leave_game":6,"minecraft:time_since_death":143184,"minecraft:climb_one_cm":10814,"minecraft:sprint_one_cm":369008,"minecraft:damage_blocked_by_shield":603,"minecraft:walk_one_cm":1705341,"minecraft:drop":159,"minecraft:talked_to_villager":24,"minecraft:raid_win":3,"minecraft:play_time":481768,"minecraft:sneak_time":6624,"minecraft:deaths":1,"minecraft:walk_under_water_one_cm":24850,"minecraft:boat_one_cm":213251,"minecraft:jump":4647,"minecraft:interact_with_blast_furnace":1,"minecraft:walk_on_water_one_cm":91189,"minecraft:total_world_time":481768,"minecraft:interact_with_furnace":58,"minecraft:play_record":21,"minecraft:traded_with_villager":1,"minecraft:raid_trigger":3,"minecraft:sleep_in_bed":22,"minecraft:time_since_rest":38210,"minecraft:damage_absorbed":41,"minecraft:damage_taken":4491,"minecraft:damage_dealt":15062,"minecraft:swim_one_cm":3225,"minecraft:fly_one_cm":111097,"minecraft:open_chest":147,"minecraft:crouch_one_cm":16038,"minecraft:fish_caught":62,"minecraft:fall_one_cm":88052,"minecraft:horse_one_cm":142705},"minecraft:broken":{"minecraft:iron_axe":1,"minecraft:fishing_rod":1},"minecraft:crafted":{"minecraft:oak_door":6,"minecraft:oak_planks":180,"minecraft:fishing_rod":7,"minecraft:jukebox":1,"minecraft:birch_slab":6,"minecraft:furnace":2,"minecraft:cooked_mutton":6,"minecraft:oak_trapdoor":12,"minecraft:bow":1,"minecraft:diamond_helmet":1,"minecraft:diamond_leggings":1,"minecraft:iron_axe":2,"minecraft:ladder":3,"minecraft:chest":3,"minecraft:wheat":504,"minecraft:cooked_beef":2,"minecraft:oak_slab":72,"minecraft:arrow":16,"minecraft:diamond_axe":3,"minecraft:crafting_table":4,"minecraft:iron_helmet":2,"minecraft:oak_wood":81,"minecraft:birch_planks":24,"minecraft:bread":168,"minecraft:oak_boat":1,"minecraft:iron_chestplate":2,"minecraft:wooden_hoe":1,"minecraft:diamond_pickaxe":1,"minecraft:golden_apple":8,"minecraft:shield":2,"minecraft:stick":36,"minecraft:iron_ingot":88,"minecraft:iron_pickaxe":1,"minecraft:birch_trapdoor":2,"minecraft:iron_leggings":1,"minecraft:gold_ingot":247,"minecraft:white_bed":2,"minecraft:diamond_chestplate":1},"minecraft:used":{"minecraft:oak_trapdoor":18,"minecraft:iron_shovel":492,"minecraft:ladder":2,"minecraft:chest":3,"minecraft:shield":20,"minecraft:cooked_salmon":6,"minecraft:oak_door":4,"minecraft:torch":12,"minecraft:netherrack":113,"minecraft:dirt":324,"minecraft:oak_wood":89,"minecraft:tuff":10,"minecraft:obsidian":7,"minecraft:iron_axe":363,"minecraft:iron_boots":1,"minecraft:iron_helmet":1,"minecraft:tripwire_hook":1,"minecraft:basalt":19,"minecraft:magma_block":40,"minecraft:bow":57,"minecraft:ominous_bottle":3,"minecraft:cooked_cod":2,"minecraft:oak_sapling":23,"minecraft:furnace":4,"minecraft:gold_block":2,"minecraft:cooked_beef":2,"minecraft:cobbled_deepslate":120,"minecraft:cooked_mutton":6,"minecraft:water_bucket":82,"minecraft:birch_planks":2,"minecraft:oak_planks":10,"minecraft:glass_bottle":1,"minecraft:stone_pickaxe":103,"minecraft:blackstone":25,"minecraft:diamond_axe":132,"minecraft:polished_blackstone_bricks":19,"minecraft:gilded_blackstone":2,"minecraft:golden_apple":1,"minecraft:oak_slab":49,"minecraft:crafting_table":6,"minecraft:white_bed":14,"minecraft:crossbow":40,"minecraft:campfire":2,"minecraft:oak_log":61,"minecraft:diamond_pickaxe":414,"minecraft:wooden_hoe":39,"minecraft:cracked_polished_blackstone_bricks":31,"minecraft:bread":38,"minecraft:iron_pickaxe":246,"minecraft:stone_axe":12,"minecraft:fishing_rod":156,"minecraft:potion":1,"minecraft:cobblestone":71,"minecraft:white_banner":11,"minecraft:cooked_porkchop":15,"minecraft:andesite":15,"minecraft:bucket":82,"minecraft:oak_boat":1,"minecraft:stripped_oak_log":10,"minecraft:jukebox":3}},"DataVersion":3953}