{"stats":{"minecraft:broken":{"minecraft:golden_boots":1,"minecraft:diamond_helmet":1,"minecraft:fishing_rod":1,"minecraft:iron_axe":1,"minecraft:iron_pickaxe":1,"minecraft:iron_shovel":2},"minecraft:mined":{"minecraft:white_bed":15,"minecraft:jungle_leaves":79,"minecraft:obsidian":45,"minecraft:granite":27,"minecraft:acacia_log":8,"minecraft:jungle_log":34,"minecraft:chiseled_tuff_bricks":10,"minecraft:spawner":4,"minecraft:polished_blackstone_bricks":61,"minecraft:magma_block":41,"minecraft:cobbled_deepslate":39,"minecraft:fire":76,"minecraft:pumpkin":5,"minecraft:enchanting_table":1,"minecraft:dirt_path":80,"minecraft:oak_stairs":63,"minecraft:white_banner":2,"minecraft:soul_fire":94,"minecraft:torch":33,"minecraft:sugar_cane":4,"minecraft:damaged_anvil":2,"minecraft:chain":7,"minecraft:waxed_copper_bulb":3,"minecraft:wheat":308,"minecraft:jukebox":6,"minecraft:waxed_copper_block":11,"minecraft:stone_brick_stairs":38,"minecraft:oak_fence_gate":2,"minecraft:smooth_basalt":1,"minecraft:deepslate":147,"minecraft:mossy_cobblestone":2,"minecraft:end_stone":82,"minecraft:nether_bricks":75,"minecraft:cobbled_deepslate_slab":6,"minecraft:spruce_fence":4,"minecraft:redstone_ore":1,"minecraft:waxed_copper_grate":14,"minecraft:andesite":27,"minecraft:chiseled_tuff":3,"minecraft:warped_stem":6,"minecraft:bone_block":36,"minecraft:oak_slab":42,"minecraft:soul_sand":243,"minecraft:lily_of_the_valley":20,"minecraft:stone_brick_slab":2,"minecraft:dandelion":4,"minecraft:short_grass":284,"minecraft:warped_roots":3,"minecraft:campfire":4,"minecraft:tall_grass":29,"minecraft:deepslate_gold_ore":28,"minecraft:diorite":3,"minecraft:warped_wart_block":22,"minecraft:black_stained_glass":2,"minecraft:cobblestone_wall":3,"minecraft:spruce_log":631,"minecraft:birch_leaves":6,"minecraft:gravel":4,"minecraft:dripstone_block":10,"minecraft:cobweb":19,"minecraft:oak_button":1,"minecraft:stone_bricks":87,"minecraft:gold_ore":6,"minecraft:fern":2,"minecraft:waxed_cut_copper_slab":23,"minecraft:spruce_planks":4,"minecraft:oak_sapling":1,"minecraft:spruce_trapdoor":21,"minecraft:grass_block":1120,"minecraft:cracked_polished_blackstone_bricks":48,"minecraft:soul_soil":29,"minecraft:tuff_bricks":28,"minecraft:gilded_blackstone":1,"minecraft:smooth_stone":1,"minecraft:glowstone":8,"minecraft:iron_ore":49,"minecraft:polished_tuff":11,"minecraft:pointed_dripstone":2,"minecraft:iron_bars":2,"minecraft:polished_tuff_slab":2,"minecraft:waxed_cut_copper":12,"minecraft:deepslate_redstone_ore":3,"minecraft:blackstone":29,"minecraft:chest":43,"minecraft:nether_quartz_ore":48,"minecraft:cobblestone":33,"minecraft:grindstone":1,"minecraft:oak_planks":31,"minecraft:iron_door":2,"minecraft:wall_torch":10,"minecraft:cauldron":1,"minecraft:deepslate_copper_ore":2,"minecraft:pink_petals":11,"minecraft:warped_nylium":6,"minecraft:red_candle":6,"minecraft:birch_log":20,"minecraft:oak_log":1781,"minecraft:waxed_oxidized_copper":2,"minecraft:sand":145,"minecraft:dirt":921,"minecraft:netherrack":2472,"minecraft:oak_leaves":583,"minecraft:nether_gold_ore":37,"minecraft:tuff":16,"minecraft:deepslate_diamond_ore":69,"minecraft:oak_door":2,"minecraft:glow_lichen":1,"minecraft:ladder":1,"minecraft:stone_button":13,"minecraft:decorated_pot":9,"minecraft:spruce_leaves":140,"minecraft:large_fern":1,"minecraft:hay_block":105,"minecraft:vault":1,"minecraft:oak_trapdoor":18,"minecraft:furnace":7,"minecraft:stripped_spruce_log":1,"minecraft:peony":16,"minecraft:gold_block":23,"minecraft:nether_brick_fence":26,"minecraft:bookshelf":33,"minecraft:deepslate_iron_ore":50,"minecraft:lantern":1,"minecraft:stripped_oak_log":72,"minecraft:packed_ice":7,"minecraft:stone":1039,"minecraft:basalt":24,"minecraft:spruce_door":5,"minecraft:oak_fence":6,"minecraft:crafting_table":10,"minecraft:blackstone_slab":1,"minecraft:oak_wood":51,"minecraft:red_glazed_terracotta":1,"minecraft:lapis_ore":5,"minecraft:lily_pad":10,"minecraft:spruce_stairs":8,"minecraft:birch_planks":3,"minecraft:waxed_oxidized_copper_grate":14,"minecraft:ice":5,"minecraft:white_wall_banner":2,"minecraft:coal_ore":119,"minecraft:flower_pot":2,"minecraft:cracked_stone_bricks":4,"minecraft:terracotta":1,"minecraft:mossy_stone_bricks":2},"minecraft:killed_by":{"minecraft:piglin_brute":2,"minecraft:player":1,"minecraft:iron_golem":1},"minecraft:custom":{"minecraft:interact_with_crafting_table":246,"minecraft:open_barrel":78,"minecraft:bell_ring":1,"minecraft:leave_game":17,"minecraft:time_since_death":210524,"minecraft:damage_blocked_by_shield":3734,"minecraft:play_time":2187131,"minecraft:deaths":22,"minecraft:jump":22357,"minecraft:enchant_item":4,"minecraft:interact_with_furnace":192,"minecraft:play_record":67,"minecraft:traded_with_villager":1,"minecraft:sleep_in_bed":52,"minecraft:damage_dealt":111583,"minecraft:use_cauldron":5,"minecraft:inspect_dispenser":3,"minecraft:horse_one_cm":546289,"minecraft:interact_with_smithing_table":6,"minecraft:interact_with_anvil":38,"minecraft:sneak_time":54928,"minecraft:interact_with_blast_furnace":3,"minecraft:total_world_time":2187131,"minecraft:interact_with_stonecutter":22,"minecraft:time_since_rest":30661,"minecraft:swim_one_cm":274666,"minecraft:fly_one_cm":1724038,"minecraft:open_chest":831,"minecraft:fish_caught":99,"minecraft:fall_one_cm":888210,"minecraft:sprint_one_cm":4910000,"minecraft:drop":683,"minecraft:talked_to_villager":41,"minecraft:walk_on_water_one_cm":320805,"minecraft:player_kills":4,"minecraft:crouch_one_cm":177836,"minecraft:mob_kills":595,"minecraft:fill_cauldron":2,"minecraft:interact_with_campfire":34,"minecraft:climb_one_cm":44186,"minecraft:walk_one_cm":6706268,"minecraft:raid_win":3,"minecraft:walk_under_water_one_cm":323841,"minecraft:boat_one_cm":220592,"minecraft:raid_trigger":3,"minecraft:interact_with_grindstone":4,"minecraft:damage_taken":51895,"minecraft:damage_absorbed":398},"minecraft:used":{"minecraft:tuff_bricks":10,"minecraft:ladder":2,"minecraft:chest":155,"minecraft:soul_sand":170,"minecraft:jungle_sapling":1,"minecraft:lava_bucket":3,"minecraft:jungle_fence_gate":12,"minecraft:stone_brick_stairs":105,"minecraft:bow":92,"minecraft:ominous_bottle":4,"minecraft:furnace":14,"minecraft:oak_sapling":26,"minecraft:cooked_cod":2,"minecraft:potato":17,"minecraft:damaged_anvil":2,"minecraft:spruce_door":10,"minecraft:blackstone":25,"minecraft:oak_leaves":148,"minecraft:golden_apple":11,"minecraft:crying_obsidian":11,"minecraft:stone_button":47,"minecraft:diamond_sword":68,"minecraft:fire_charge":3,"minecraft:oak_boat":1,"minecraft:oak_trapdoor":80,"minecraft:enchanting_table":1,"minecraft:cooked_salmon":7,"minecraft:netherrack":694,"minecraft:trial_key":11,"minecraft:torch":216,"minecraft:brewing_stand":1,"minecraft:anvil":1,"minecraft:oak_fence_gate":14,"minecraft:iron_axe":363,"minecraft:jungle_log":2,"minecraft:barrel":1,"minecraft:diamond_chestplate":4,"minecraft:basalt":19,"minecraft:tripwire_hook":1,"minecraft:cobbled_deepslate":405,"minecraft:wheat_seeds":402,"minecraft:water_bucket":525,"minecraft:birch_planks":2,"minecraft:lead":1,"minecraft:cauldron":2,"minecraft:polished_blackstone_bricks":19,"minecraft:gilded_blackstone":2,"minecraft:oak_slab":133,"minecraft:crafting_table":21,"minecraft:campfire":65,"minecraft:white_bed":19,"minecraft:spruce_log":1,"minecraft:oak_log":936,"minecraft:ender_eye":20,"minecraft:diamond_pickaxe":4193,"minecraft:diamond_shovel":1416,"minecraft:ominous_trial_key":3,"minecraft:wind_charge":68,"minecraft:iron_pickaxe":821,"minecraft:suspicious_stew":3,"minecraft:spruce_trapdoor":95,"minecraft:spruce_sapling":43,"minecraft:cobblestone":316,"minecraft:potion":3,"minecraft:cooked_porkchop":15,"minecraft:stripped_oak_log":59,"minecraft:dandelion":16,"minecraft:jukebox":8,"minecraft:diamond_leggings":4,"minecraft:iron_shovel":1025,"minecraft:shield":115,"minecraft:nether_bricks":45,"minecraft:waxed_copper_grate":11,"minecraft:tuff":10,"minecraft:obsidian":49,"minecraft:waxed_oxidized_copper":1,"minecraft:waxed_oxidized_copper_grate":11,"minecraft:lantern":22,"minecraft:iron_helmet":1,"minecraft:stone_bricks":473,"minecraft:magma_block":40,"minecraft:gold_block":2,"minecraft:golden_boots":1,"minecraft:diamond_boots":3,"minecraft:stone_pickaxe":103,"minecraft:oak_planks":302,"minecraft:ender_pearl":1,"minecraft:diamond_axe":4721,"minecraft:crossbow":40,"minecraft:end_stone":41,"minecraft:shears":229,"minecraft:polished_tuff":5,"minecraft:mace":112,"minecraft:bread":208,"minecraft:grindstone":5,"minecraft:andesite":15,"minecraft:air":2,"minecraft:bone_meal":1,"minecraft:oak_fence":54,"minecraft:jungle_leaves":70,"minecraft:spruce_planks":129,"minecraft:cooked_chicken":3,"minecraft:oak_door":4,"minecraft:dirt":1039,"minecraft:spruce_stairs":189,"minecraft:cobblestone_wall":48,"minecraft:diamond_helmet":4,"minecraft:oak_wood":89,"minecraft:spruce_fence":83,"minecraft:granite":30,"minecraft:stone_brick_slab":25,"minecraft:bookshelf":2,"minecraft:waxed_cut_copper":3,"minecraft:oak_stairs":248,"minecraft:iron_boots":1,"minecraft:cooked_beef":2,"minecraft:cooked_mutton":7,"minecraft:glass_bottle":1,"minecraft:baked_potato":2,"minecraft:wooden_hoe":87,"minecraft:cracked_polished_blackstone_bricks":31,"minecraft:netherite_axe":153,"minecraft:stone_axe":12,"minecraft:fishing_rod":244,"minecraft:cobbled_deepslate_slab":71,"minecraft:white_banner":12,"minecraft:bucket":530,"minecraft:pumpkin_pie":181,"minecraft:smooth_stone":1},"minecraft:dropped":{"minecraft:porkchop":4,"minecraft:ominous_bottle":1,"minecraft:glass_bottle":1,"minecraft:diamond":3,"minecraft:cracked_stone_bricks":2,"minecraft:saddle":1,"minecraft:rail":1,"minecraft:music_disc_creator_music_box":1,"minecraft:emerald":51,"minecraft:dirt":142,"minecraft:stone_button":10,"minecraft:chain":5,"minecraft:gold_nugget":1,"minecraft:phantom_membrane":3,"minecraft:iron_pickaxe":3,"minecraft:fishing_rod":8,"minecraft:white_wool":2,"minecraft:bone":99,"minecraft:waxed_cut_copper_slab":22,"minecraft:sugar_cane":23,"minecraft:cooked_chicken":2,"minecraft:cobbled_deepslate":2,"minecraft:wheat":14,"minecraft:rotten_flesh":28,"minecraft:oak_planks":10,"minecraft:glowstone_dust":1,"minecraft:waxed_copper_block":17,"minecraft:salmon":4,"minecraft:tipped_arrow":36,"minecraft:red_candle":3,"minecraft:jungle_log":56,"minecraft:ladder":1,"minecraft:chiseled_tuff":2,"minecraft:beef":13,"minecraft:warped_wart_block":17,"minecraft:egg":3,"minecraft:wheat_seeds":56,"minecraft:dripstone_block":9,"minecraft:cobblestone":18,"minecraft:oak_fence":6,"minecraft:iron_helmet":2,"minecraft:waxed_copper_grate":3,"minecraft:apple":44,"minecraft:granite":10,"minecraft:coal":1,"minecraft:golden_apple":6,"minecraft:pufferfish":2,"minecraft:golden_carrot":2,"minecraft:ink_sac":1,"minecraft:wooden_hoe":2,"minecraft:cooked_salmon":1,"minecraft:diamond_helmet":1,"minecraft:iron_shovel":2,"minecraft:paper":2,"minecraft:string":19,"minecraft:bowl":4,"minecraft:polished_tuff_slab":1,"minecraft:iron_boots":2,"minecraft:pumpkin_seeds":8,"minecraft:diamond_sword":1,"minecraft:potato":277,"minecraft:flower_pot":2,"minecraft:waxed_cut_copper":7,"minecraft:spruce_trapdoor":2,"minecraft:spruce_planks":5,"minecraft:stone_bricks":5,"minecraft:spider_eye":3,"minecraft:bow":13,"minecraft:terracotta":1,"minecraft:soul_sand":40,"minecraft:birch_planks":1,"minecraft:diamond_axe":7,"minecraft:baked_potato":3,"minecraft:leather":2,"minecraft:cracked_polished_blackstone_bricks":18,"minecraft:mace":1,"minecraft:mutton":2,"minecraft:cooked_cod":21,"minecraft:pumpkin_pie":41,"minecraft:polished_blackstone_bricks":33,"minecraft:gold_ingot":104,"minecraft:gravel":45,"minecraft:chiseled_tuff_bricks":9,"minecraft:pointed_dripstone":1,"minecraft:diamond_shovel":1,"minecraft:gunpowder":6,"minecraft:beetroot_seeds":6,"minecraft:melon_seeds":1,"minecraft:lingering_potion":2,"minecraft:basalt":1,"minecraft:arrow":72,"minecraft:quartz":1,"minecraft:netherrack":8,"minecraft:splash_potion":3,"minecraft:bread":53,"minecraft:stripped_spruce_log":1,"minecraft:mossy_cobblestone":2,"minecraft:diamond_leggings":1,"minecraft:lead":2,"minecraft:polished_tuff":7,"minecraft:tropical_fish":1,"minecraft:ominous_trial_key":4,"minecraft:stick":27,"minecraft:diorite":3,"minecraft:brown_wool":1,"minecraft:iron_door":4,"minecraft:iron_leggings":1,"minecraft:iron_axe":1,"minecraft:tripwire_hook":1,"minecraft:bucket":1,"minecraft:dandelion":1,"minecraft:smooth_basalt":2,"minecraft:tuff_bricks":21,"minecraft:oak_trapdoor":2,"minecraft:blaze_rod":8,"minecraft:raw_copper":23,"minecraft:tuff":12,"minecraft:ender_eye":1,"minecraft:shield":2,"minecraft:trial_key":5,"minecraft:oak_button":1,"minecraft:diamond_chestplate":3,"minecraft:iron_chestplate":3,"minecraft:andesite":5,"minecraft:mossy_stone_bricks":2,"minecraft:oak_sapling":8,"minecraft:diamond_boots":1,"minecraft:raw_gold":1,"minecraft:waxed_oxidized_copper_grate":9,"minecraft:brick":33},"minecraft:crafted":{"minecraft:jungle_fence_gate":17,"minecraft:birch_slab":6,"minecraft:diamond_shovel":2,"minecraft:bookshelf":2,"minecraft:cooked_mutton":6,"minecraft:diamond_helmet":1,"minecraft:diamond_leggings":2,"minecraft:emerald":18,"minecraft:diamond_axe":5,"minecraft:spruce_door":6,"minecraft:oak_wood":81,"minecraft:campfire":72,"minecraft:stone_brick_stairs":4,"minecraft:wooden_hoe":2,"minecraft:stone_slab":12,"minecraft:iron_pickaxe":4,"minecraft:iron_block":3,"minecraft:gold_ingot":256,"minecraft:jukebox":3,"minecraft:iron_nugget":144,"minecraft:wind_charge":52,"minecraft:bone_meal":192,"minecraft:spruce_fence":99,"minecraft:lantern":21,"minecraft:netherite_axe":1,"minecraft:spruce_stairs":188,"minecraft:ladder":3,"minecraft:wheat":504,"minecraft:coal_block":4,"minecraft:oak_fence_gate":18,"minecraft:golden_apple":17,"minecraft:oak_stairs":188,"minecraft:birch_trapdoor":2,"minecraft:iron_leggings":1,"minecraft:white_bed":2,"minecraft:grindstone":12,"minecraft:oak_planks":2448,"minecraft:barrel":8,"minecraft:stone":643,"minecraft:stone_brick_slab":4,"minecraft:bow":1,"minecraft:chest":118,"minecraft:stone_bricks":4,"minecraft:oak_fence":84,"minecraft:golden_boots":1,"minecraft:oak_slab":162,"minecraft:arrow":16,"minecraft:crafting_table":20,"minecraft:spruce_planks":1116,"minecraft:iron_helmet":2,"minecraft:birch_planks":80,"minecraft:spruce_trapdoor":108,"minecraft:book":3,"minecraft:iron_chestplate":2,"minecraft:diamond_pickaxe":2,"minecraft:shield":2,"minecraft:stick":612,"minecraft:iron_ingot":101,"minecraft:shears":1,"minecraft:cobbled_deepslate_slab":84,"minecraft:oak_door":6,"minecraft:fishing_rod":7,"minecraft:stone_button":54,"minecraft:furnace":7,"minecraft:oak_trapdoor":82,"minecraft:iron_axe":2,"minecraft:cobblestone_wall":34,"minecraft:cooked_beef":2,"minecraft:bucket":4,"minecraft:air":0,"minecraft:bread":265,"minecraft:jungle_planks":68,"minecraft:oak_boat":1,"minecraft:anvil":1,"minecraft:acacia_planks":28,"minecraft:torch":188,"minecraft:diamond_chestplate":2},"minecraft:picked_up":{"minecraft:iron_chestplate":9,"minecraft:flower_pot":2,"minecraft:suspicious_stew":3,"minecraft:diamond_sword":10,"minecraft:lead":22,"minecraft:oak_stairs":62,"minecraft:enchanted_book":9,"minecraft:music_disc_cat":29,"minecraft:string":72,"minecraft:soul_soil":22,"minecraft:cooked_salmon":81,"minecraft:pufferfish":17,"minecraft:diamond_leggings":10,"minecraft:gold_nugget":64,"minecraft:cobbled_deepslate":755,"minecraft:spruce_planks":5,"minecraft:trial_key":33,"minecraft:netherite_upgrade_smithing_template":3,"minecraft:golden_helmet":1,"minecraft:jukebox":5,"minecraft:acacia_log":7,"minecraft:waxed_copper_grate":14,"minecraft:cauldron":3,"minecraft:honey_bottle":2,"minecraft:tropical_fish":4,"minecraft:waxed_cut_copper":10,"minecraft:blaze_rod":16,"minecraft:iron_bars":6,"minecraft:birch_log":20,"minecraft:magma_block":40,"minecraft:iron_door":4,"minecraft:water_bucket":16,"minecraft:jungle_log":34,"minecraft:brown_wool":1,"minecraft:lantern":1,"minecraft:guster_banner_pattern":3,"minecraft:diamond_helmet":11,"minecraft:glowstone_dust":27,"minecraft:chiseled_polished_blackstone":1,"minecraft:warped_wart_block":17,"minecraft:stripped_spruce_log":1,"minecraft:ink_sac":3,"minecraft:granite":43,"minecraft:bread":101,"minecraft:music_disc_precipice":2,"minecraft:ominous_trial_key":7,"minecraft:diamond_pickaxe":8,"minecraft:crafting_table":9,"minecraft:ominous_bottle":6,"minecraft:wind_charge":251,"minecraft:flint_and_steel":1,"minecraft:iron_shovel":8,"minecraft:cracked_stone_bricks":3,"minecraft:beef":16,"minecraft:chiseled_tuff":2,"minecraft:jungle_sapling":1,"minecraft:iron_nugget":71,"minecraft:poppy":14,"minecraft:guster_pottery_sherd":1,"minecraft:chest":43,"minecraft:waxed_oxidized_copper":1,"minecraft:egg":6,"minecraft:oak_door":2,"minecraft:spruce_fence":4,"minecraft:fire_charge":7,"minecraft:flow_pottery_sherd":1,"minecraft:mace":18,"minecraft:redstone":32,"minecraft:music_disc_creator_music_box":1,"minecraft:diamond_chestplate":12,"minecraft:cooked_cod":49,"minecraft:beetroot_seeds":6,"minecraft:peony":15,"minecraft:diamond_boots":10,"minecraft:hay_block":105,"minecraft:flow_armor_trim_smithing_template":1,"minecraft:gold_ingot":38,"minecraft:tuff_bricks":31,"minecraft:mutton":39,"minecraft:rail":22,"minecraft:bone_block":36,"minecraft:white_wool":24,"minecraft:oxeye_daisy":1,"minecraft:stripped_oak_log":71,"minecraft:tripwire_hook":4,"minecraft:blackstone_slab":1,"minecraft:filled_map":6,"minecraft:ancient_debris":1,"minecraft:lily_pad":11,"minecraft:oak_log":1934,"minecraft:golden_boots":1,"minecraft:paper":7,"minecraft:white_banner":12,"minecraft:apple":37,"minecraft:stone_bricks":89,"minecraft:oak_fence_gate":2,"minecraft:stone_pickaxe":1,"minecraft:glass_bottle":1,"minecraft:iron_sword":2,"minecraft:smooth_basalt":3,"minecraft:gravel":85,"minecraft:spruce_sapling":86,"minecraft:spruce_log":805,"minecraft:crying_obsidian":22,"minecraft:dragon_egg":1,"minecraft:polished_tuff":13,"minecraft:oak_wood":51,"minecraft:diamond_shovel":11,"minecraft:slime_ball":16,"minecraft:stone_axe":1,"minecraft:short_grass":9,"minecraft:diamond_axe":16,"minecraft:oak_button":1,"minecraft:baked_potato":8,"minecraft:melon_seeds":4,"minecraft:ender_pearl":23,"minecraft:wheat":317,"minecraft:nether_brick_fence":22,"minecraft:potion":18,"minecraft:gilded_blackstone":11,"minecraft:nether_brick":28,"minecraft:stone_brick_stairs":36,"minecraft:waxed_cut_copper_slab":22,"minecraft:raw_copper":23,"minecraft:iron_leggings":2,"minecraft:red_candle":17,"minecraft:smooth_stone":1,"minecraft:bucket":7,"minecraft:rose_bush":40,"minecraft:ender_eye":21,"minecraft:iron_pickaxe":8,"minecraft:iron_boots":4,"minecraft:furnace":7,"minecraft:tipped_arrow":89,"minecraft:stick":116,"minecraft:oak_fence":12,"minecraft:torch":662,"minecraft:spruce_stairs":8,"minecraft:porkchop":12,"minecraft:music_disc_pigstep":36,"minecraft:pointed_dripstone":3,"minecraft:diorite":9,"minecraft:rotten_flesh":104,"minecraft:obsidian":59,"minecraft:cod":60,"minecraft:cobblestone":1143,"minecraft:enchanting_table":1,"minecraft:nautilus_shell":1,"minecraft:pink_petals":19,"minecraft:andesite":23,"minecraft:potato":900,"minecraft:tuff":15,"minecraft:wither_skeleton_skull":1,"minecraft:lapis_lazuli":49,"minecraft:dirt":2104,"minecraft:name_tag":1,"minecraft:leather_boots":1,"minecraft:bone":196,"minecraft:bow":28,"minecraft:wheat_seeds":913,"minecraft:raw_gold":51,"minecraft:cobbled_deepslate_slab":15,"minecraft:grindstone":1,"minecraft:bolt_armor_trim_smithing_template":2,"minecraft:mossy_stone_bricks":9,"minecraft:scrape_pottery_sherd":1,"minecraft:oak_planks":147,"minecraft:cooked_porkchop":15,"minecraft:sand":182,"minecraft:grass_block":2,"minecraft:lily_of_the_valley":20,"minecraft:spectral_arrow":56,"minecraft:mossy_cobblestone":2,"minecraft:jungle_leaves":70,"minecraft:diamond":291,"minecraft:waxed_oxidized_copper_grate":23,"minecraft:cracked_polished_blackstone_bricks":66,"minecraft:crossbow":1,"minecraft:breeze_rod":79,"minecraft:bone_meal":62,"minecraft:golden_apple":48,"minecraft:emerald":107,"minecraft:piglin_banner_pattern":1,"minecraft:oak_sapling":157,"minecraft:netherrack":960,"minecraft:oak_leaves":148,"minecraft:lingering_potion":3,"minecraft:fishing_rod":7,"minecraft:charcoal":8,"minecraft:chicken":4,"minecraft:azure_bluet":2,"minecraft:splash_potion":4,"minecraft:ladder":1,"minecraft:chest_minecart":2,"minecraft:gold_block":19,"minecraft:diamond_horse_armor":1,"minecraft:chain":5,"minecraft:brick":66,"minecraft:shield":11,"minecraft:oak_trapdoor":18,"minecraft:iron_axe":4,"minecraft:blackstone":84,"minecraft:oak_boat":2,"minecraft:sugar_cane":15,"minecraft:spruce_trapdoor":22,"minecraft:phantom_membrane":9,"minecraft:raw_iron":103,"minecraft:end_stone":83,"minecraft:bowl":4,"minecraft:polished_blackstone_bricks":75,"minecraft:stone_button":20,"minecraft:arrow":672,"minecraft:pumpkin_pie":667,"minecraft:nether_bricks":45,"minecraft:basalt":23,"minecraft:golden_carrot":2,"minecraft:glow_ink_sac":3,"minecraft:salmon":39,"minecraft:leather":82,"minecraft:birch_planks":3,"minecraft:waxed_copper_block":17,"minecraft:gunpowder":18,"minecraft:cobblestone_wall":3,"minecraft:cooked_mutton":1,"minecraft:iron_ingot":148,"minecraft:polished_tuff_slab":1,"minecraft:cooked_chicken":5,"minecraft:soul_sand":321,"minecraft:book":134,"minecraft:oak_slab":26,"minecraft:emerald_block":2,"minecraft:pumpkin":4,"minecraft:dripstone_block":9,"minecraft:stone_brick_slab":2,"minecraft:quartz":47,"minecraft:dandelion":22,"minecraft:raw_iron_block":1,"minecraft:white_bed":17,"minecraft:spruce_door":5,"minecraft:spider_eye":6,"minecraft:pumpkin_seeds":8,"minecraft:campfire":2,"minecraft:iron_helmet":1,"minecraft:terracotta":1,"minecraft:damaged_anvil":2,"minecraft:chiseled_tuff_bricks":9,"minecraft:coal":133},"minecraft:killed":{"minecraft:cave_spider":2,"minecraft:skeleton":98,"minecraft:chicken":4,"minecraft:cat":1,"minecraft:magma_cube":4,"minecraft:salmon":11,"minecraft:iron_golem":7,"minecraft:pillager":15,"minecraft:donkey":1,"minecraft:zombie":115,"minecraft:cow":9,"minecraft:vindicator":4,"minecraft:horse":23,"minecraft:wandering_trader":2,"minecraft:ravager":1,"minecraft:polar_bear":1,"minecraft:breeze":10,"minecraft:enderman":10,"minecraft:witch":1,"minecraft:zombified_piglin":3,"minecraft:spider":20,"minecraft:silverfish":17,"minecraft:piglin_brute":3,"minecraft:piglin":4,"minecraft:pig":5,"minecraft:zombie_villager":2,"minecraft:creeper":17,"minecraft:sheep":25,"minecraft:trader_llama":8,"minecraft:stray":111,"minecraft:blaze":19,"minecraft:armadillo":1,"minecraft:slime":2,"minecraft:phantom":9,"minecraft:drowned":8,"minecraft:hoglin":1,"minecraft:wither_skeleton":6,"minecraft:villager":3}},"DataVersion":3953}