{"stats":{"minecraft:dropped":{"minecraft:gravel":3,"minecraft:oak_fence":2,"minecraft:iron_helmet":1,"minecraft:rotten_flesh":3,"minecraft:granite":4,"minecraft:rail":1,"minecraft:shield":1,"minecraft:iron_chestplate":2},"minecraft:killed":{"minecraft:cave_spider":1,"minecraft:pig":1,"minecraft:spider":1,"minecraft:skeleton":1,"minecraft:zombie":2,"minecraft:chicken":2},"minecraft:picked_up":{"minecraft:crafting_table":2,"minecraft:iron_chestplate":1,"minecraft:chicken":2,"minecraft:water_bucket":1,"minecraft:andesite":6,"minecraft:birch_planks":2,"minecraft:tuff":2,"minecraft:oak_log":18,"minecraft:dirt":12,"minecraft:lapis_lazuli":27,"minecraft:string":5,"minecraft:wheat_seeds":1,"minecraft:cobbled_deepslate":49,"minecraft:raw_gold":5,"minecraft:iron_ingot":3,"minecraft:stone_pickaxe":1,"minecraft:oak_boat":1,"minecraft:oak_planks":2,"minecraft:egg":1,"minecraft:raw_iron":35,"minecraft:oak_door":1,"minecraft:cooked_porkchop":15,"minecraft:oak_fence":2,"minecraft:torch":12,"minecraft:gravel":3,"minecraft:porkchop":2,"minecraft:white_bed":3,"minecraft:redstone":17,"minecraft:spider_eye":2,"minecraft:rotten_flesh":3,"minecraft:diamond":1,"minecraft:stone_axe":1,"minecraft:granite":4,"minecraft:coal":20,"minecraft:rail":1,"minecraft:cobblestone":85},"minecraft:mined":{"minecraft:deepslate_redstone_ore":3,"minecraft:tuff":2,"minecraft:white_bed":3,"minecraft:deepslate_diamond_ore":1,"minecraft:oak_door":1,"minecraft:crafting_table":2,"minecraft:short_grass":3,"minecraft:grass_block":2,"minecraft:deepslate_gold_ore":4,"minecraft:lapis_ore":5,"minecraft:diorite":1,"minecraft:spawner":1,"minecraft:birch_planks":2,"minecraft:redstone_ore":1,"minecraft:iron_ore":33,"minecraft:andesite":5,"minecraft:coal_ore":21,"minecraft:oak_log":9,"minecraft:deepslate_iron_ore":3,"minecraft:dirt":8,"minecraft:stone":84,"minecraft:gold_ore":1,"minecraft:oak_leaves":1,"minecraft:deepslate":44},"minecraft:custom":{"minecraft:interact_with_furnace":32,"minecraft:mob_kills":9,"minecraft:interact_with_crafting_table":17,"minecraft:time_since_death":39533,"minecraft:sleep_in_bed":4,"minecraft:time_since_rest":16403,"minecraft:damage_blocked_by_shield":111,"minecraft:sprint_one_cm":29358,"minecraft:damage_taken":461,"minecraft:walk_one_cm":153613,"minecraft:drop":9,"minecraft:damage_dealt":1294,"minecraft:swim_one_cm":1360,"minecraft:fly_one_cm":8440,"minecraft:open_chest":9,"minecraft:crouch_one_cm":2957,"minecraft:play_time":39533,"minecraft:sneak_time":1118,"minecraft:walk_under_water_one_cm":2191,"minecraft:boat_one_cm":8567,"minecraft:jump":471,"minecraft:walk_on_water_one_cm":19181,"minecraft:total_world_time":39533,"minecraft:fall_one_cm":8742},"minecraft:used":{"minecraft:water_bucket":11,"minecraft:birch_planks":1,"minecraft:stone_pickaxe":103,"minecraft:chest":1,"minecraft:shield":2,"minecraft:oak_door":2,"minecraft:torch":2,"minecraft:dirt":12,"minecraft:crafting_table":2,"minecraft:white_bed":2,"minecraft:iron_axe":17,"minecraft:iron_pickaxe":107,"minecraft:iron_helmet":1,"minecraft:stone_axe":12,"minecraft:cobblestone":24,"minecraft:furnace":2,"minecraft:cooked_porkchop":3,"minecraft:andesite":4,"minecraft:bucket":11,"minecraft:oak_boat":1,"minecraft:cooked_beef":2},"minecraft:crafted":{"minecraft:cooked_beef":2,"minecraft:oak_door":3,"minecraft:oak_planks":72,"minecraft:crafting_table":1,"minecraft:iron_helmet":2,"minecraft:furnace":2,"minecraft:oak_boat":1,"minecraft:iron_chestplate":2,"minecraft:shield":2,"minecraft:iron_axe":2,"minecraft:stick":8,"minecraft:iron_ingot":37,"minecraft:iron_pickaxe":1,"minecraft:chest":1}},"DataVersion":3953}