{"stats":{"minecraft:dropped":{"minecraft:birch_planks":1,"minecraft:mossy_cobblestone":2,"minecraft:iron_helmet":1,"minecraft:oak_fence":2,"minecraft:granite":4,"minecraft:rail":1,"minecraft:pufferfish":1,"minecraft:dirt":117,"minecraft:diorite":1,"minecraft:wooden_hoe":1,"minecraft:chain":5,"minecraft:iron_axe":1,"minecraft:string":6,"minecraft:fishing_rod":6,"minecraft:white_wool":1,"minecraft:gravel":3,"minecraft:tuff":8,"minecraft:wheat":3,"minecraft:rotten_flesh":3,"minecraft:shield":1,"minecraft:iron_chestplate":2,"minecraft:spider_eye":3,"minecraft:raw_gold":1},"minecraft:killed":{"minecraft:cave_spider":1,"minecraft:spider":4,"minecraft:skeleton":16,"minecraft:chicken":2,"minecraft:drowned":1,"minecraft:pig":1,"minecraft:creeper":1,"minecraft:sheep":3,"minecraft:zombie":16,"minecraft:cow":1},"minecraft:picked_up":{"minecraft:fishing_rod":4,"minecraft:iron_chestplate":1,"minecraft:crafting_table":2,"minecraft:wheat":1,"minecraft:ominous_bottle":1,"minecraft:chicken":2,"minecraft:potion":1,"minecraft:chain":5,"minecraft:music_disc_cat":14,"minecraft:oak_trapdoor":12,"minecraft:string":8,"minecraft:iron_axe":3,"minecraft:pufferfish":6,"minecraft:iron_shovel":1,"minecraft:cobbled_deepslate":93,"minecraft:beef":3,"minecraft:oak_boat":2,"minecraft:poppy":2,"minecraft:sugar_cane":3,"minecraft:egg":2,"minecraft:raw_iron":67,"minecraft:stick":23,"minecraft:jukebox":2,"minecraft:oak_door":2,"minecraft:oak_fence":2,"minecraft:torch":12,"minecraft:porkchop":2,"minecraft:diorite":1,"minecraft:redstone":17,"minecraft:arrow":10,"minecraft:rotten_flesh":22,"minecraft:tropical_fish":2,"minecraft:hay_block":37,"minecraft:mutton":6,"minecraft:cod":17,"minecraft:cobblestone":87,"minecraft:rail":1,"minecraft:white_wool":1,"minecraft:stripped_oak_log":17,"minecraft:birch_log":6,"minecraft:salmon":12,"minecraft:water_bucket":1,"minecraft:andesite":6,"minecraft:leather":2,"minecraft:birch_planks":3,"minecraft:tuff":8,"minecraft:oak_log":259,"minecraft:lily_pad":2,"minecraft:gunpowder":3,"minecraft:lapis_lazuli":27,"minecraft:dirt":252,"minecraft:bone":16,"minecraft:apple":1,"minecraft:bow":1,"minecraft:wheat_seeds":15,"minecraft:raw_gold":33,"minecraft:stone_pickaxe":1,"minecraft:iron_ingot":3,"minecraft:oak_planks":5,"minecraft:oak_slab":8,"minecraft:cooked_porkchop":15,"minecraft:pumpkin":4,"minecraft:dandelion":1,"minecraft:raw_iron_block":1,"minecraft:gravel":3,"minecraft:ink_sac":2,"minecraft:white_bed":9,"minecraft:spider_eye":4,"minecraft:mossy_cobblestone":2,"minecraft:oak_wood":51,"minecraft:diamond":20,"minecraft:stone_axe":1,"minecraft:granite":4,"minecraft:oak_sapling":9,"minecraft:coal":20},"minecraft:mined":{"minecraft:tuff":8,"minecraft:white_bed":7,"minecraft:oak_sapling":1,"minecraft:mossy_cobblestone":2,"minecraft:deepslate_diamond_ore":20,"minecraft:oak_door":2,"minecraft:granite":1,"minecraft:grass_block":173,"minecraft:spawner":1,"minecraft:hay_block":37,"minecraft:redstone_ore":1,"minecraft:oak_trapdoor":12,"minecraft:iron_ore":39,"minecraft:cobbled_deepslate":28,"minecraft:andesite":7,"minecraft:pumpkin":5,"minecraft:deepslate_iron_ore":28,"minecraft:stripped_oak_log":17,"minecraft:stone":84,"minecraft:deepslate_redstone_ore":3,"minecraft:oak_slab":5,"minecraft:crafting_table":2,"minecraft:short_grass":98,"minecraft:oak_wood":51,"minecraft:cobblestone":1,"minecraft:tall_grass":14,"minecraft:lapis_ore":5,"minecraft:deepslate_gold_ore":24,"minecraft:oak_planks":3,"minecraft:sugar_cane":2,"minecraft:diorite":2,"minecraft:chain":7,"minecraft:birch_planks":3,"minecraft:birch_log":6,"minecraft:jukebox":3,"minecraft:oak_log":94,"minecraft:coal_ore":21,"minecraft:dirt":75,"minecraft:gold_ore":6,"minecraft:oak_leaves":30,"minecraft:deepslate":55},"minecraft:custom":{"minecraft:mob_kills":49,"minecraft:interact_with_crafting_table":39,"minecraft:bell_ring":1,"minecraft:leave_game":1,"minecraft:time_since_death":242346,"minecraft:sprint_one_cm":178405,"minecraft:walk_one_cm":911193,"minecraft:damage_blocked_by_shield":463,"minecraft:drop":96,"minecraft:talked_to_villager":1,"minecraft:play_time":242346,"minecraft:sneak_time":2499,"minecraft:walk_under_water_one_cm":17870,"minecraft:boat_one_cm":213251,"minecraft:jump":2211,"minecraft:interact_with_blast_furnace":1,"minecraft:walk_on_water_one_cm":74672,"minecraft:total_world_time":242346,"minecraft:interact_with_furnace":39,"minecraft:play_record":14,"minecraft:sleep_in_bed":16,"minecraft:time_since_rest":7622,"minecraft:damage_taken":1947,"minecraft:damage_dealt":7863,"minecraft:swim_one_cm":3225,"minecraft:fly_one_cm":38268,"minecraft:open_chest":52,"minecraft:crouch_one_cm":6050,"minecraft:fish_caught":30,"minecraft:fall_one_cm":40931,"minecraft:horse_one_cm":82646},"minecraft:broken":{"minecraft:iron_axe":1,"minecraft:fishing_rod":1},"minecraft:crafted":{"minecraft:oak_door":6,"minecraft:oak_planks":132,"minecraft:fishing_rod":7,"minecraft:jukebox":1,"minecraft:birch_slab":6,"minecraft:furnace":2,"minecraft:cooked_mutton":6,"minecraft:oak_trapdoor":8,"minecraft:iron_axe":2,"minecraft:chest":2,"minecraft:wheat":333,"minecraft:cooked_beef":2,"minecraft:oak_slab":24,"minecraft:crafting_table":2,"minecraft:iron_helmet":2,"minecraft:oak_wood":81,"minecraft:birch_planks":24,"minecraft:bread":111,"minecraft:oak_boat":1,"minecraft:wooden_hoe":1,"minecraft:iron_chestplate":2,"minecraft:shield":2,"minecraft:stick":16,"minecraft:iron_ingot":37,"minecraft:iron_pickaxe":1,"minecraft:birch_trapdoor":2},"minecraft:used":{"minecraft:oak_trapdoor":14,"minecraft:iron_shovel":248,"minecraft:chest":2,"minecraft:shield":15,"minecraft:oak_door":4,"minecraft:torch":12,"minecraft:dirt":93,"minecraft:oak_wood":89,"minecraft:iron_axe":336,"minecraft:iron_helmet":1,"minecraft:furnace":2,"minecraft:oak_sapling":9,"minecraft:cooked_beef":2,"minecraft:cobbled_deepslate":59,"minecraft:cooked_mutton":6,"minecraft:water_bucket":52,"minecraft:birch_planks":2,"minecraft:glass_bottle":1,"minecraft:stone_pickaxe":103,"minecraft:oak_planks":10,"minecraft:oak_slab":31,"minecraft:crafting_table":4,"minecraft:white_bed":9,"minecraft:oak_log":61,"minecraft:wooden_hoe":39,"minecraft:bread":3,"minecraft:iron_pickaxe":244,"minecraft:stone_axe":12,"minecraft:fishing_rod":80,"minecraft:potion":1,"minecraft:cobblestone":71,"minecraft:cooked_porkchop":15,"minecraft:bucket":52,"minecraft:andesite":4,"minecraft:oak_boat":1,"minecraft:stripped_oak_log":10,"minecraft:jukebox":3}},"DataVersion":3953}