{"stats":{"minecraft:dropped":{"minecraft:bread":17,"minecraft:birch_planks":1,"minecraft:wheat_seeds":4,"minecraft:diamond_axe":3,"minecraft:mossy_cobblestone":2,"minecraft:cobblestone":3,"minecraft:oak_fence":2,"minecraft:iron_helmet":2,"minecraft:granite":4,"minecraft:rail":1,"minecraft:golden_apple":2,"minecraft:pufferfish":2,"minecraft:cracked_polished_blackstone_bricks":18,"minecraft:dirt":117,"minecraft:diorite":1,"minecraft:wooden_hoe":1,"minecraft:cooked_cod":3,"minecraft:brown_wool":1,"minecraft:cooked_salmon":1,"minecraft:iron_leggings":1,"minecraft:chain":5,"minecraft:polished_blackstone_bricks":23,"minecraft:iron_axe":1,"minecraft:string":7,"minecraft:fishing_rod":6,"minecraft:white_wool":1,"minecraft:gravel":3,"minecraft:sugar_cane":22,"minecraft:bowl":1,"minecraft:tuff":8,"minecraft:wheat":3,"minecraft:rotten_flesh":5,"minecraft:iron_boots":2,"minecraft:salmon":1,"minecraft:shield":1,"minecraft:diamond_chestplate":1,"minecraft:gunpowder":2,"minecraft:iron_chestplate":2,"minecraft:spider_eye":3,"minecraft:arrow":23,"minecraft:raw_gold":1},"minecraft:killed_by":{"minecraft:piglin_brute":1},"minecraft:killed":{"minecraft:cave_spider":1,"minecraft:spider":4,"minecraft:skeleton":19,"minecraft:chicken":3,"minecraft:drowned":1,"minecraft:piglin_brute":3,"minecraft:magma_cube":4,"minecraft:piglin":2,"minecraft:pig":2,"minecraft:creeper":2,"minecraft:sheep":9,"minecraft:pillager":1,"minecraft:zombie":20,"minecraft:cow":1},"minecraft:picked_up":{"minecraft:fishing_rod":4,"minecraft:crafting_table":2,"minecraft:iron_chestplate":1,"minecraft:wheat":1,"minecraft:ominous_bottle":3,"minecraft:chicken":3,"minecraft:gold_block":18,"minecraft:potion":1,"minecraft:gilded_blackstone":2,"minecraft:stone_brick_stairs":1,"minecraft:chain":5,"minecraft:iron_leggings":1,"minecraft:music_disc_cat":16,"minecraft:oak_trapdoor":14,"minecraft:string":10,"minecraft:iron_axe":3,"minecraft:cooked_salmon":8,"minecraft:iron_shovel":2,"minecraft:pufferfish":7,"minecraft:blackstone":29,"minecraft:gold_nugget":32,"minecraft:cobbled_deepslate":99,"minecraft:beef":3,"minecraft:oak_boat":2,"minecraft:poppy":2,"minecraft:sugar_cane":14,"minecraft:furnace":2,"minecraft:iron_boots":3,"minecraft:egg":2,"minecraft:stick":23,"minecraft:raw_iron":67,"minecraft:oak_door":2,"minecraft:jukebox":2,"minecraft:oak_fence":2,"minecraft:torch":12,"minecraft:bowl":2,"minecraft:porkchop":6,"minecraft:polished_blackstone_bricks":65,"minecraft:diorite":1,"minecraft:redstone":17,"minecraft:cauldron":2,"minecraft:diamond_chestplate":1,"minecraft:arrow":79,"minecraft:rotten_flesh":25,"minecraft:cooked_cod":11,"minecraft:tropical_fish":2,"minecraft:diamond_boots":1,"minecraft:hay_block":37,"minecraft:gold_ingot":1,"minecraft:obsidian":15,"minecraft:mutton":14,"minecraft:cobblestone":107,"minecraft:cod":27,"minecraft:rail":1,"minecraft:white_wool":7,"minecraft:nautilus_shell":1,"minecraft:stripped_oak_log":17,"minecraft:birch_log":6,"minecraft:magma_block":40,"minecraft:basalt":20,"minecraft:tripwire_hook":1,"minecraft:andesite":9,"minecraft:water_bucket":2,"minecraft:salmon":15,"minecraft:brown_wool":1,"minecraft:leather":2,"minecraft:blackstone_slab":1,"minecraft:birch_planks":3,"minecraft:tuff":10,"minecraft:oak_log":271,"minecraft:lily_pad":2,"minecraft:gunpowder":5,"minecraft:lapis_lazuli":27,"minecraft:dirt":580,"minecraft:white_banner":1,"minecraft:cooked_mutton":1,"minecraft:bone":22,"minecraft:apple":1,"minecraft:bow":3,"minecraft:wheat_seeds":24,"minecraft:raw_gold":45,"minecraft:stone_pickaxe":1,"minecraft:iron_ingot":3,"minecraft:diamond_helmet":1,"minecraft:glowstone_dust":26,"minecraft:oak_planks":37,"minecraft:soul_sand":12,"minecraft:oak_slab":10,"minecraft:chiseled_polished_blackstone":1,"minecraft:cooked_porkchop":15,"minecraft:pumpkin":4,"minecraft:stone_brick_slab":1,"minecraft:dandelion":1,"minecraft:raw_iron_block":1,"minecraft:gravel":3,"minecraft:sand":54,"minecraft:ink_sac":2,"minecraft:white_bed":12,"minecraft:spider_eye":4,"minecraft:mossy_cobblestone":2,"minecraft:oak_wood":51,"minecraft:campfire":2,"minecraft:diamond":20,"minecraft:stone_axe":1,"minecraft:cracked_polished_blackstone_bricks":63,"minecraft:diamond_axe":2,"minecraft:granite":4,"minecraft:golden_apple":2,"minecraft:bread":74,"minecraft:oak_sapling":9,"minecraft:netherrack":110,"minecraft:coal":27,"minecraft:diamond_pickaxe":1},"minecraft:mined":{"minecraft:nether_gold_ore":6,"minecraft:tuff":10,"minecraft:white_bed":10,"minecraft:oak_sapling":1,"minecraft:mossy_cobblestone":2,"minecraft:deepslate_diamond_ore":20,"minecraft:oak_door":2,"minecraft:obsidian":13,"minecraft:granite":1,"minecraft:grass_block":202,"minecraft:cracked_polished_blackstone_bricks":45,"minecraft:gilded_blackstone":1,"minecraft:spawner":2,"minecraft:hay_block":37,"minecraft:polished_blackstone_bricks":61,"minecraft:magma_block":41,"minecraft:redstone_ore":1,"minecraft:oak_trapdoor":14,"minecraft:glowstone":8,"minecraft:furnace":2,"minecraft:iron_ore":39,"minecraft:cobbled_deepslate":34,"minecraft:andesite":10,"minecraft:pumpkin":5,"minecraft:gold_block":22,"minecraft:dirt_path":80,"minecraft:deepslate_iron_ore":28,"minecraft:stripped_oak_log":17,"minecraft:stone":104,"minecraft:deepslate_redstone_ore":3,"minecraft:oak_slab":9,"minecraft:soul_sand":1,"minecraft:blackstone":28,"minecraft:soul_fire":3,"minecraft:basalt":21,"minecraft:stone_brick_slab":1,"minecraft:crafting_table":2,"minecraft:torch":1,"minecraft:short_grass":107,"minecraft:blackstone_slab":1,"minecraft:oak_wood":51,"minecraft:tall_grass":14,"minecraft:cobblestone":1,"minecraft:lapis_ore":5,"minecraft:deepslate_gold_ore":24,"minecraft:sugar_cane":2,"minecraft:oak_planks":5,"minecraft:diorite":2,"minecraft:chain":7,"minecraft:birch_planks":3,"minecraft:birch_log":6,"minecraft:jukebox":3,"minecraft:stone_brick_stairs":1,"minecraft:oak_log":100,"minecraft:coal_ore":21,"minecraft:sand":10,"minecraft:dirt":208,"minecraft:netherrack":113,"minecraft:gold_ore":6,"minecraft:oak_leaves":30,"minecraft:deepslate":55},"minecraft:custom":{"minecraft:mob_kills":77,"minecraft:interact_with_crafting_table":51,"minecraft:interact_with_campfire":10,"minecraft:bell_ring":1,"minecraft:leave_game":1,"minecraft:time_since_death":33589,"minecraft:climb_one_cm":2877,"minecraft:sprint_one_cm":293081,"minecraft:walk_one_cm":1429136,"minecraft:damage_blocked_by_shield":553,"minecraft:drop":141,"minecraft:talked_to_villager":1,"minecraft:deaths":1,"minecraft:play_time":372173,"minecraft:sneak_time":6208,"minecraft:walk_under_water_one_cm":20680,"minecraft:boat_one_cm":213251,"minecraft:jump":3447,"minecraft:interact_with_blast_furnace":1,"minecraft:walk_on_water_one_cm":81678,"minecraft:total_world_time":372173,"minecraft:interact_with_furnace":58,"minecraft:play_record":16,"minecraft:sleep_in_bed":17,"minecraft:time_since_rest":33663,"minecraft:damage_taken":3675,"minecraft:damage_absorbed":41,"minecraft:damage_dealt":12609,"minecraft:swim_one_cm":3225,"minecraft:fly_one_cm":82328,"minecraft:open_chest":100,"minecraft:crouch_one_cm":14760,"minecraft:fish_caught":42,"minecraft:fall_one_cm":64035,"minecraft:horse_one_cm":115765},"minecraft:broken":{"minecraft:iron_axe":1,"minecraft:fishing_rod":1},"minecraft:crafted":{"minecraft:oak_door":6,"minecraft:oak_planks":180,"minecraft:fishing_rod":7,"minecraft:jukebox":1,"minecraft:birch_slab":6,"minecraft:furnace":2,"minecraft:cooked_mutton":6,"minecraft:oak_trapdoor":10,"minecraft:bow":1,"minecraft:diamond_helmet":1,"minecraft:diamond_leggings":1,"minecraft:iron_axe":2,"minecraft:ladder":3,"minecraft:chest":3,"minecraft:wheat":333,"minecraft:cooked_beef":2,"minecraft:oak_slab":42,"minecraft:diamond_axe":3,"minecraft:crafting_table":4,"minecraft:iron_helmet":2,"minecraft:birch_planks":24,"minecraft:oak_wood":81,"minecraft:bread":111,"minecraft:oak_boat":1,"minecraft:wooden_hoe":1,"minecraft:iron_chestplate":2,"minecraft:golden_apple":3,"minecraft:diamond_pickaxe":1,"minecraft:shield":2,"minecraft:stick":36,"minecraft:iron_ingot":52,"minecraft:iron_pickaxe":1,"minecraft:birch_trapdoor":2,"minecraft:gold_ingot":76,"minecraft:white_bed":2,"minecraft:diamond_chestplate":1},"minecraft:used":{"minecraft:oak_trapdoor":18,"minecraft:iron_shovel":492,"minecraft:ladder":2,"minecraft:chest":3,"minecraft:shield":18,"minecraft:cooked_salmon":6,"minecraft:netherrack":110,"minecraft:oak_door":4,"minecraft:torch":12,"minecraft:dirt":245,"minecraft:oak_wood":89,"minecraft:tuff":10,"minecraft:obsidian":7,"minecraft:iron_axe":363,"minecraft:iron_helmet":1,"minecraft:iron_boots":1,"minecraft:magma_block":40,"minecraft:basalt":19,"minecraft:bow":6,"minecraft:tripwire_hook":1,"minecraft:oak_sapling":9,"minecraft:furnace":4,"minecraft:cooked_cod":1,"minecraft:gold_block":2,"minecraft:cooked_beef":2,"minecraft:cobbled_deepslate":120,"minecraft:cooked_mutton":6,"minecraft:water_bucket":65,"minecraft:birch_planks":2,"minecraft:glass_bottle":1,"minecraft:stone_pickaxe":103,"minecraft:blackstone":25,"minecraft:oak_planks":10,"minecraft:diamond_axe":78,"minecraft:polished_blackstone_bricks":19,"minecraft:gilded_blackstone":2,"minecraft:golden_apple":1,"minecraft:oak_slab":34,"minecraft:crafting_table":6,"minecraft:campfire":2,"minecraft:white_bed":14,"minecraft:oak_log":61,"minecraft:wooden_hoe":39,"minecraft:diamond_pickaxe":390,"minecraft:cracked_polished_blackstone_bricks":3,"minecraft:bread":20,"minecraft:iron_pickaxe":246,"minecraft:stone_axe":12,"minecraft:fishing_rod":100,"minecraft:cobblestone":71,"minecraft:potion":1,"minecraft:white_banner":1,"minecraft:cooked_porkchop":15,"minecraft:andesite":15,"minecraft:bucket":65,"minecraft:oak_boat":1,"minecraft:stripped_oak_log":10,"minecraft:jukebox":3}},"DataVersion":3953}