{"stats":{"minecraft:broken":{"minecraft:iron_shovel":2,"minecraft:golden_boots":1,"minecraft:diamond_helmet":1,"minecraft:fishing_rod":1,"minecraft:iron_axe":1,"minecraft:iron_pickaxe":1},"minecraft:mined":{"minecraft:waxed_cut_copper_slab":23,"minecraft:spruce_planks":4,"minecraft:white_bed":15,"minecraft:oak_sapling":1,"minecraft:jungle_leaves":79,"minecraft:spruce_trapdoor":21,"minecraft:obsidian":45,"minecraft:granite":24,"minecraft:grass_block":1105,"minecraft:acacia_log":8,"minecraft:jungle_log":34,"minecraft:cracked_polished_blackstone_bricks":48,"minecraft:soul_soil":28,"minecraft:chiseled_tuff_bricks":10,"minecraft:tuff_bricks":28,"minecraft:spawner":4,"minecraft:gilded_blackstone":1,"minecraft:polished_blackstone_bricks":61,"minecraft:smooth_stone":1,"minecraft:magma_block":41,"minecraft:glowstone":8,"minecraft:iron_ore":49,"minecraft:fire":31,"minecraft:cobbled_deepslate":39,"minecraft:polished_tuff":11,"minecraft:pumpkin":5,"minecraft:enchanting_table":1,"minecraft:pointed_dripstone":2,"minecraft:dirt_path":80,"minecraft:oak_stairs":63,"minecraft:polished_tuff_slab":2,"minecraft:white_banner":2,"minecraft:waxed_cut_copper":12,"minecraft:deepslate_redstone_ore":3,"minecraft:blackstone":28,"minecraft:soul_fire":85,"minecraft:torch":32,"minecraft:chest":42,"minecraft:nether_quartz_ore":5,"minecraft:cobblestone":19,"minecraft:damaged_anvil":2,"minecraft:oak_planks":31,"minecraft:sugar_cane":4,"minecraft:grindstone":1,"minecraft:wall_torch":8,"minecraft:deepslate_copper_ore":2,"minecraft:pink_petals":11,"minecraft:chain":7,"minecraft:waxed_copper_bulb":3,"minecraft:red_candle":6,"minecraft:birch_log":20,"minecraft:wheat":307,"minecraft:waxed_copper_block":11,"minecraft:jukebox":6,"minecraft:stone_brick_stairs":38,"minecraft:oak_log":1780,"minecraft:oak_fence_gate":2,"minecraft:waxed_oxidized_copper":2,"minecraft:sand":145,"minecraft:dirt":903,"minecraft:smooth_basalt":1,"minecraft:netherrack":269,"minecraft:oak_leaves":582,"minecraft:deepslate":147,"minecraft:nether_gold_ore":6,"minecraft:tuff":16,"minecraft:mossy_cobblestone":2,"minecraft:deepslate_diamond_ore":69,"minecraft:oak_door":2,"minecraft:glow_lichen":1,"minecraft:ladder":1,"minecraft:stone_button":11,"minecraft:decorated_pot":9,"minecraft:spruce_fence":4,"minecraft:spruce_leaves":140,"minecraft:large_fern":1,"minecraft:hay_block":56,"minecraft:vault":1,"minecraft:redstone_ore":1,"minecraft:oak_trapdoor":18,"minecraft:furnace":7,"minecraft:waxed_copper_grate":14,"minecraft:andesite":15,"minecraft:stripped_spruce_log":1,"minecraft:gold_block":23,"minecraft:peony":16,"minecraft:chiseled_tuff":3,"minecraft:bookshelf":1,"minecraft:deepslate_iron_ore":50,"minecraft:lantern":1,"minecraft:stripped_oak_log":72,"minecraft:packed_ice":7,"minecraft:stone":958,"minecraft:bone_block":36,"minecraft:oak_slab":42,"minecraft:soul_sand":231,"minecraft:lily_of_the_valley":20,"minecraft:basalt":23,"minecraft:stone_brick_slab":2,"minecraft:dandelion":4,"minecraft:spruce_door":5,"minecraft:oak_fence":6,"minecraft:crafting_table":9,"minecraft:short_grass":258,"minecraft:blackstone_slab":1,"minecraft:oak_wood":51,"minecraft:campfire":4,"minecraft:tall_grass":27,"minecraft:red_glazed_terracotta":1,"minecraft:lapis_ore":5,"minecraft:deepslate_gold_ore":28,"minecraft:lily_pad":10,"minecraft:diorite":3,"minecraft:spruce_stairs":8,"minecraft:black_stained_glass":2,"minecraft:birch_planks":3,"minecraft:cobblestone_wall":3,"minecraft:waxed_oxidized_copper_grate":14,"minecraft:ice":5,"minecraft:spruce_log":631,"minecraft:birch_leaves":6,"minecraft:white_wall_banner":2,"minecraft:coal_ore":119,"minecraft:flower_pot":2,"minecraft:gravel":4,"minecraft:dripstone_block":10,"minecraft:cobweb":19,"minecraft:cracked_stone_bricks":1,"minecraft:oak_button":1,"minecraft:stone_bricks":84,"minecraft:mossy_stone_bricks":1,"minecraft:gold_ore":6,"minecraft:fern":2},"minecraft:killed_by":{"minecraft:piglin_brute":2,"minecraft:player":1,"minecraft:iron_golem":1},"minecraft:custom":{"minecraft:interact_with_crafting_table":228,"minecraft:open_barrel":45,"minecraft:bell_ring":1,"minecraft:leave_game":15,"minecraft:time_since_death":16661,"minecraft:sprint_one_cm":4108139,"minecraft:damage_blocked_by_shield":3363,"minecraft:drop":486,"minecraft:talked_to_villager":41,"minecraft:play_time":1932067,"minecraft:deaths":7,"minecraft:jump":18359,"minecraft:walk_on_water_one_cm":280208,"minecraft:enchant_item":4,"minecraft:interact_with_furnace":192,"minecraft:play_record":64,"minecraft:traded_with_villager":1,"minecraft:sleep_in_bed":49,"minecraft:damage_dealt":94142,"minecraft:player_kills":2,"minecraft:crouch_one_cm":133186,"minecraft:inspect_dispenser":3,"minecraft:horse_one_cm":546289,"minecraft:interact_with_smithing_table":4,"minecraft:interact_with_anvil":29,"minecraft:mob_kills":536,"minecraft:interact_with_campfire":34,"minecraft:climb_one_cm":32999,"minecraft:walk_one_cm":5998421,"minecraft:raid_win":3,"minecraft:sneak_time":43938,"minecraft:walk_under_water_one_cm":171459,"minecraft:boat_one_cm":220592,"minecraft:interact_with_blast_furnace":3,"minecraft:total_world_time":1932067,"minecraft:raid_trigger":3,"minecraft:interact_with_stonecutter":22,"minecraft:interact_with_grindstone":4,"minecraft:time_since_rest":16686,"minecraft:damage_taken":16210,"minecraft:damage_absorbed":398,"minecraft:swim_one_cm":69636,"minecraft:fly_one_cm":1285013,"minecraft:open_chest":710,"minecraft:fall_one_cm":456296,"minecraft:fish_caught":99},"minecraft:used":{"minecraft:tuff_bricks":10,"minecraft:iron_shovel":1025,"minecraft:ladder":2,"minecraft:shield":108,"minecraft:chest":154,"minecraft:soul_sand":154,"minecraft:waxed_copper_grate":11,"minecraft:tuff":10,"minecraft:obsidian":49,"minecraft:waxed_oxidized_copper":1,"minecraft:jungle_sapling":1,"minecraft:waxed_oxidized_copper_grate":11,"minecraft:lava_bucket":3,"minecraft:jungle_fence_gate":12,"minecraft:lantern":22,"minecraft:iron_helmet":1,"minecraft:stone_brick_stairs":105,"minecraft:stone_bricks":473,"minecraft:magma_block":40,"minecraft:bow":81,"minecraft:ominous_bottle":4,"minecraft:oak_sapling":26,"minecraft:furnace":14,"minecraft:cooked_cod":2,"minecraft:gold_block":2,"minecraft:potato":2,"minecraft:golden_boots":1,"minecraft:damaged_anvil":2,"minecraft:diamond_boots":1,"minecraft:spruce_door":10,"minecraft:stone_pickaxe":103,"minecraft:oak_planks":302,"minecraft:blackstone":25,"minecraft:diamond_axe":4587,"minecraft:oak_leaves":148,"minecraft:golden_apple":11,"minecraft:crossbow":40,"minecraft:shears":229,"minecraft:polished_tuff":5,"minecraft:crying_obsidian":11,"minecraft:mace":50,"minecraft:bread":208,"minecraft:stone_button":47,"minecraft:diamond_sword":65,"minecraft:fire_charge":3,"minecraft:grindstone":5,"minecraft:andesite":15,"minecraft:oak_boat":1,"minecraft:oak_fence":54,"minecraft:bone_meal":1,"minecraft:jungle_leaves":70,"minecraft:oak_trapdoor":80,"minecraft:enchanting_table":1,"minecraft:spruce_planks":129,"minecraft:cooked_salmon":7,"minecraft:trial_key":11,"minecraft:oak_door":4,"minecraft:torch":215,"minecraft:cooked_chicken":3,"minecraft:brewing_stand":1,"minecraft:netherrack":242,"minecraft:dirt":1019,"minecraft:diamond_helmet":2,"minecraft:spruce_stairs":189,"minecraft:cobblestone_wall":48,"minecraft:oak_wood":89,"minecraft:oak_fence_gate":14,"minecraft:granite":30,"minecraft:spruce_fence":83,"minecraft:stone_brick_slab":25,"minecraft:bookshelf":2,"minecraft:iron_axe":363,"minecraft:waxed_cut_copper":3,"minecraft:oak_stairs":248,"minecraft:jungle_log":2,"minecraft:iron_boots":1,"minecraft:barrel":1,"minecraft:diamond_chestplate":1,"minecraft:basalt":19,"minecraft:tripwire_hook":1,"minecraft:cooked_beef":2,"minecraft:cobbled_deepslate":279,"minecraft:wheat_seeds":402,"minecraft:cooked_mutton":7,"minecraft:water_bucket":490,"minecraft:lead":1,"minecraft:birch_planks":2,"minecraft:glass_bottle":1,"minecraft:baked_potato":2,"minecraft:polished_blackstone_bricks":19,"minecraft:gilded_blackstone":2,"minecraft:crafting_table":21,"minecraft:oak_slab":133,"minecraft:white_bed":19,"minecraft:campfire":65,"minecraft:spruce_log":1,"minecraft:ominous_trial_key":3,"minecraft:oak_log":935,"minecraft:diamond_shovel":1353,"minecraft:wooden_hoe":87,"minecraft:diamond_pickaxe":1576,"minecraft:wind_charge":38,"minecraft:cracked_polished_blackstone_bricks":31,"minecraft:iron_pickaxe":821,"minecraft:suspicious_stew":3,"minecraft:spruce_trapdoor":95,"minecraft:spruce_sapling":43,"minecraft:stone_axe":12,"minecraft:fishing_rod":244,"minecraft:dandelion":16,"minecraft:cobblestone":189,"minecraft:potion":2,"minecraft:white_banner":11,"minecraft:cooked_porkchop":15,"minecraft:diamond_leggings":2,"minecraft:bucket":494,"minecraft:stripped_oak_log":59,"minecraft:jukebox":8,"minecraft:pumpkin_pie":98,"minecraft:smooth_stone":1},"minecraft:dropped":{"minecraft:birch_planks":1,"minecraft:diamond_axe":6,"minecraft:ominous_bottle":1,"minecraft:baked_potato":3,"minecraft:glass_bottle":1,"minecraft:leather":2,"minecraft:saddle":1,"minecraft:rail":1,"minecraft:music_disc_creator_music_box":1,"minecraft:emerald":51,"minecraft:cracked_polished_blackstone_bricks":18,"minecraft:dirt":140,"minecraft:mace":1,"minecraft:stone_button":5,"minecraft:cooked_cod":21,"minecraft:chain":5,"minecraft:gold_nugget":1,"minecraft:pumpkin_pie":41,"minecraft:phantom_membrane":3,"minecraft:polished_blackstone_bricks":33,"minecraft:iron_pickaxe":3,"minecraft:fishing_rod":8,"minecraft:white_wool":1,"minecraft:gold_ingot":104,"minecraft:bone":95,"minecraft:waxed_cut_copper_slab":22,"minecraft:gravel":45,"minecraft:sugar_cane":23,"minecraft:cooked_chicken":2,"minecraft:chiseled_tuff_bricks":9,"minecraft:cobbled_deepslate":2,"minecraft:wheat":14,"minecraft:pointed_dripstone":1,"minecraft:rotten_flesh":24,"minecraft:oak_planks":10,"minecraft:diamond_shovel":1,"minecraft:glowstone_dust":1,"minecraft:waxed_copper_block":17,"minecraft:salmon":4,"minecraft:tipped_arrow":36,"minecraft:red_candle":3,"minecraft:gunpowder":6,"minecraft:beetroot_seeds":6,"minecraft:jungle_log":56,"minecraft:lingering_potion":2,"minecraft:ladder":1,"minecraft:arrow":72,"minecraft:chiseled_tuff":2,"minecraft:beef":1,"minecraft:splash_potion":3,"minecraft:egg":3,"minecraft:bread":53,"minecraft:stripped_spruce_log":1,"minecraft:wheat_seeds":35,"minecraft:mossy_cobblestone":2,"minecraft:dripstone_block":9,"minecraft:diamond_leggings":1,"minecraft:oak_fence":6,"minecraft:iron_helmet":2,"minecraft:cobblestone":11,"minecraft:lead":1,"minecraft:waxed_copper_grate":3,"minecraft:polished_tuff":7,"minecraft:granite":10,"minecraft:ominous_trial_key":4,"minecraft:tropical_fish":1,"minecraft:golden_apple":6,"minecraft:stick":27,"minecraft:pufferfish":2,"minecraft:diorite":3,"minecraft:golden_carrot":2,"minecraft:ink_sac":1,"minecraft:wooden_hoe":2,"minecraft:brown_wool":1,"minecraft:cooked_salmon":1,"minecraft:diamond_helmet":1,"minecraft:iron_leggings":1,"minecraft:iron_axe":1,"minecraft:iron_shovel":2,"minecraft:paper":2,"minecraft:string":18,"minecraft:tripwire_hook":1,"minecraft:bucket":1,"minecraft:dandelion":1,"minecraft:smooth_basalt":2,"minecraft:tuff_bricks":21,"minecraft:oak_trapdoor":2,"minecraft:raw_copper":23,"minecraft:polished_tuff_slab":1,"minecraft:bowl":4,"minecraft:tuff":12,"minecraft:iron_boots":2,"minecraft:pumpkin_seeds":8,"minecraft:diamond_sword":1,"minecraft:shield":2,"minecraft:flower_pot":2,"minecraft:oak_button":1,"minecraft:trial_key":5,"minecraft:diamond_chestplate":3,"minecraft:waxed_cut_copper":7,"minecraft:spruce_trapdoor":2,"minecraft:spruce_planks":5,"minecraft:iron_chestplate":3,"minecraft:andesite":2,"minecraft:oak_sapling":8,"minecraft:spider_eye":3,"minecraft:diamond_boots":1,"minecraft:bow":12,"minecraft:raw_gold":1,"minecraft:waxed_oxidized_copper_grate":9,"minecraft:brick":33},"minecraft:crafted":{"minecraft:grindstone":12,"minecraft:oak_planks":2448,"minecraft:jungle_fence_gate":17,"minecraft:barrel":8,"minecraft:birch_slab":6,"minecraft:stone":643,"minecraft:diamond_shovel":2,"minecraft:bookshelf":2,"minecraft:cooked_mutton":6,"minecraft:stone_brick_slab":4,"minecraft:bow":1,"minecraft:diamond_helmet":1,"minecraft:diamond_leggings":2,"minecraft:chest":118,"minecraft:stone_bricks":4,"minecraft:oak_fence":84,"minecraft:golden_boots":1,"minecraft:oak_slab":162,"minecraft:arrow":16,"minecraft:emerald":18,"minecraft:diamond_axe":4,"minecraft:crafting_table":20,"minecraft:spruce_planks":1116,"minecraft:iron_helmet":2,"minecraft:spruce_door":6,"minecraft:oak_wood":81,"minecraft:birch_planks":80,"minecraft:campfire":72,"minecraft:stone_brick_stairs":4,"minecraft:spruce_trapdoor":108,"minecraft:iron_chestplate":2,"minecraft:book":3,"minecraft:wooden_hoe":2,"minecraft:diamond_pickaxe":2,"minecraft:shield":2,"minecraft:stick":612,"minecraft:stone_slab":12,"minecraft:iron_ingot":101,"minecraft:iron_pickaxe":4,"minecraft:gold_ingot":256,"minecraft:shears":1,"minecraft:oak_door":6,"minecraft:fishing_rod":7,"minecraft:jukebox":3,"minecraft:iron_nugget":144,"minecraft:wind_charge":24,"minecraft:furnace":7,"minecraft:stone_button":54,"minecraft:bone_meal":192,"minecraft:spruce_fence":99,"minecraft:oak_trapdoor":82,"minecraft:lantern":21,"minecraft:spruce_stairs":188,"minecraft:iron_axe":2,"minecraft:ladder":3,"minecraft:cobblestone_wall":34,"minecraft:wheat":504,"minecraft:cooked_beef":2,"minecraft:coal_block":4,"minecraft:bucket":4,"minecraft:jungle_planks":68,"minecraft:air":0,"minecraft:bread":265,"minecraft:oak_fence_gate":18,"minecraft:oak_boat":1,"minecraft:golden_apple":16,"minecraft:birch_trapdoor":2,"minecraft:oak_stairs":188,"minecraft:iron_leggings":1,"minecraft:white_bed":2,"minecraft:acacia_planks":28,"minecraft:torch":188,"minecraft:diamond_chestplate":2},"minecraft:picked_up":{"minecraft:iron_chestplate":8,"minecraft:wheat":317,"minecraft:flower_pot":2,"minecraft:suspicious_stew":3,"minecraft:lead":21,"minecraft:diamond_sword":7,"minecraft:oak_stairs":62,"minecraft:enchanted_book":9,"minecraft:potion":16,"minecraft:gilded_blackstone":11,"minecraft:nether_brick":28,"minecraft:stone_brick_stairs":36,"minecraft:music_disc_cat":29,"minecraft:string":70,"minecraft:waxed_cut_copper_slab":22,"minecraft:soul_soil":22,"minecraft:raw_copper":23,"minecraft:cooked_salmon":57,"minecraft:iron_leggings":2,"minecraft:red_candle":17,"minecraft:pufferfish":17,"minecraft:diamond_leggings":8,"minecraft:smooth_stone":1,"minecraft:gold_nugget":39,"minecraft:cobbled_deepslate":499,"minecraft:bucket":2,"minecraft:spruce_planks":5,"minecraft:trial_key":33,"minecraft:rose_bush":40,"minecraft:netherite_upgrade_smithing_template":2,"minecraft:iron_pickaxe":8,"minecraft:iron_boots":4,"minecraft:furnace":7,"minecraft:golden_helmet":1,"minecraft:tipped_arrow":89,"minecraft:stick":114,"minecraft:jukebox":5,"minecraft:oak_fence":12,"minecraft:torch":560,"minecraft:acacia_log":7,"minecraft:spruce_stairs":8,"minecraft:porkchop":8,"minecraft:pointed_dripstone":3,"minecraft:waxed_copper_grate":14,"minecraft:diorite":9,"minecraft:music_disc_pigstep":33,"minecraft:cauldron":2,"minecraft:honey_bottle":2,"minecraft:rotten_flesh":93,"minecraft:tropical_fish":4,"minecraft:waxed_cut_copper":10,"minecraft:obsidian":59,"minecraft:cod":60,"minecraft:cobblestone":1073,"minecraft:nautilus_shell":1,"minecraft:birch_log":20,"minecraft:enchanting_table":1,"minecraft:pink_petals":19,"minecraft:magma_block":40,"minecraft:andesite":20,"minecraft:water_bucket":7,"minecraft:jungle_log":34,"minecraft:brown_wool":1,"minecraft:potato":2,"minecraft:tuff":15,"minecraft:lapis_lazuli":49,"minecraft:dirt":2062,"minecraft:lantern":1,"minecraft:name_tag":1,"minecraft:leather_boots":1,"minecraft:bone":186,"minecraft:bow":26,"minecraft:wheat_seeds":891,"minecraft:raw_gold":51,"minecraft:grindstone":1,"minecraft:bolt_armor_trim_smithing_template":2,"minecraft:guster_banner_pattern":3,"minecraft:mossy_stone_bricks":1,"minecraft:diamond_helmet":8,"minecraft:glowstone_dust":27,"minecraft:oak_planks":147,"minecraft:scrape_pottery_sherd":1,"minecraft:chiseled_polished_blackstone":1,"minecraft:cooked_porkchop":15,"minecraft:sand":182,"minecraft:stripped_spruce_log":1,"minecraft:lily_of_the_valley":20,"minecraft:ink_sac":3,"minecraft:grass_block":2,"minecraft:spectral_arrow":56,"minecraft:mossy_cobblestone":2,"minecraft:jungle_leaves":70,"minecraft:diamond":184,"minecraft:waxed_oxidized_copper_grate":23,"minecraft:cracked_polished_blackstone_bricks":66,"minecraft:breeze_rod":68,"minecraft:crossbow":1,"minecraft:granite":43,"minecraft:bone_meal":62,"minecraft:golden_apple":41,"minecraft:bread":101,"minecraft:emerald":107,"minecraft:music_disc_precipice":2,"minecraft:piglin_banner_pattern":1,"minecraft:oak_sapling":157,"minecraft:netherrack":263,"minecraft:ominous_trial_key":7,"minecraft:oak_leaves":148,"minecraft:diamond_pickaxe":6,"minecraft:fishing_rod":7,"minecraft:charcoal":8,"minecraft:crafting_table":8,"minecraft:splash_potion":4,"minecraft:azure_bluet":2,"minecraft:ominous_bottle":5,"minecraft:chicken":4,"minecraft:ladder":1,"minecraft:chest_minecart":2,"minecraft:gold_block":19,"minecraft:chain":5,"minecraft:shield":9,"minecraft:brick":66,"minecraft:wind_charge":114,"minecraft:oak_trapdoor":18,"minecraft:iron_axe":4,"minecraft:iron_shovel":8,"minecraft:blackstone":84,"minecraft:cracked_stone_bricks":1,"minecraft:beef":4,"minecraft:oak_boat":2,"minecraft:chiseled_tuff":2,"minecraft:jungle_sapling":1,"minecraft:iron_nugget":71,"minecraft:poppy":11,"minecraft:guster_pottery_sherd":1,"minecraft:sugar_cane":15,"minecraft:chest":42,"minecraft:egg":6,"minecraft:phantom_membrane":9,"minecraft:spruce_trapdoor":22,"minecraft:waxed_oxidized_copper":1,"minecraft:raw_iron":102,"minecraft:oak_door":2,"minecraft:bowl":4,"minecraft:spruce_fence":4,"minecraft:fire_charge":7,"minecraft:polished_blackstone_bricks":75,"minecraft:flow_pottery_sherd":1,"minecraft:mace":5,"minecraft:stone_button":13,"minecraft:redstone":31,"minecraft:music_disc_creator_music_box":1,"minecraft:arrow":661,"minecraft:diamond_chestplate":9,"minecraft:cooked_cod":49,"minecraft:beetroot_seeds":6,"minecraft:pumpkin_pie":353,"minecraft:peony":15,"minecraft:diamond_boots":7,"minecraft:hay_block":56,"minecraft:gold_ingot":38,"minecraft:flow_armor_trim_smithing_template":1,"minecraft:tuff_bricks":31,"minecraft:mutton":37,"minecraft:white_wool":22,"minecraft:bone_block":36,"minecraft:rail":22,"minecraft:oxeye_daisy":1,"minecraft:stripped_oak_log":71,"minecraft:basalt":22,"minecraft:tripwire_hook":4,"minecraft:golden_carrot":2,"minecraft:glow_ink_sac":3,"minecraft:salmon":39,"minecraft:leather":82,"minecraft:blackstone_slab":1,"minecraft:birch_planks":3,"minecraft:filled_map":5,"minecraft:waxed_copper_block":17,"minecraft:oak_log":1933,"minecraft:lily_pad":11,"minecraft:ancient_debris":1,"minecraft:golden_boots":1,"minecraft:cobblestone_wall":3,"minecraft:gunpowder":17,"minecraft:paper":2,"minecraft:white_banner":11,"minecraft:cooked_mutton":1,"minecraft:apple":37,"minecraft:stone_bricks":84,"minecraft:stone_pickaxe":1,"minecraft:iron_ingot":54,"minecraft:oak_fence_gate":2,"minecraft:polished_tuff_slab":1,"minecraft:cooked_chicken":5,"minecraft:glass_bottle":1,"minecraft:iron_sword":2,"minecraft:soul_sand":311,"minecraft:book":3,"minecraft:oak_slab":26,"minecraft:smooth_basalt":3,"minecraft:emerald_block":2,"minecraft:pumpkin":4,"minecraft:dandelion":22,"minecraft:stone_brick_slab":2,"minecraft:quartz":46,"minecraft:raw_iron_block":1,"minecraft:dripstone_block":9,"minecraft:gravel":85,"minecraft:spruce_sapling":86,"minecraft:white_bed":17,"minecraft:spruce_log":805,"minecraft:crying_obsidian":22,"minecraft:spider_eye":6,"minecraft:spruce_door":5,"minecraft:polished_tuff":13,"minecraft:oak_wood":51,"minecraft:diamond_shovel":7,"minecraft:pumpkin_seeds":8,"minecraft:slime_ball":16,"minecraft:campfire":2,"minecraft:stone_axe":1,"minecraft:short_grass":9,"minecraft:iron_helmet":1,"minecraft:diamond_axe":12,"minecraft:oak_button":1,"minecraft:baked_potato":8,"minecraft:damaged_anvil":2,"minecraft:melon_seeds":3,"minecraft:coal":132,"minecraft:chiseled_tuff_bricks":9,"minecraft:ender_pearl":18},"minecraft:killed":{"minecraft:cave_spider":2,"minecraft:witch":1,"minecraft:zombified_piglin":3,"minecraft:spider":20,"minecraft:skeleton":90,"minecraft:chicken":4,"minecraft:silverfish":16,"minecraft:piglin_brute":3,"minecraft:cat":1,"minecraft:magma_cube":4,"minecraft:piglin":3,"minecraft:pig":4,"minecraft:zombie_villager":2,"minecraft:salmon":11,"minecraft:iron_golem":3,"minecraft:creeper":15,"minecraft:sheep":24,"minecraft:trader_llama":8,"minecraft:pillager":15,"minecraft:donkey":1,"minecraft:zombie":113,"minecraft:stray":111,"minecraft:cow":6,"minecraft:vindicator":4,"minecraft:slime":2,"minecraft:phantom":9,"minecraft:horse":22,"minecraft:drowned":8,"minecraft:wandering_trader":2,"minecraft:ravager":1,"minecraft:polar_bear":1,"minecraft:breeze":10,"minecraft:villager":1,"minecraft:enderman":4}},"DataVersion":3953}