{"stats":{"minecraft:dropped":{"minecraft:gravel":3,"minecraft:wheat":1,"minecraft:oak_fence":2,"minecraft:iron_helmet":1,"minecraft:rotten_flesh":3,"minecraft:granite":4,"minecraft:rail":1,"minecraft:shield":1,"minecraft:diorite":1,"minecraft:iron_chestplate":2,"minecraft:chain":5},"minecraft:killed":{"minecraft:cave_spider":1,"minecraft:pig":1,"minecraft:spider":4,"minecraft:skeleton":11,"minecraft:zombie":10,"minecraft:chicken":2,"minecraft:drowned":1},"minecraft:picked_up":{"minecraft:crafting_table":2,"minecraft:iron_chestplate":1,"minecraft:wheat":1,"minecraft:chicken":2,"minecraft:water_bucket":1,"minecraft:andesite":6,"minecraft:birch_planks":2,"minecraft:tuff":8,"minecraft:oak_log":18,"minecraft:chain":5,"minecraft:gunpowder":1,"minecraft:dirt":12,"minecraft:lapis_lazuli":27,"minecraft:string":8,"minecraft:bone":9,"minecraft:bow":1,"minecraft:wheat_seeds":1,"minecraft:cobbled_deepslate":64,"minecraft:raw_gold":32,"minecraft:iron_ingot":3,"minecraft:stone_pickaxe":1,"minecraft:oak_boat":1,"minecraft:sugar_cane":3,"minecraft:oak_planks":2,"minecraft:egg":1,"minecraft:raw_iron":67,"minecraft:oak_door":1,"minecraft:cooked_porkchop":15,"minecraft:pumpkin":4,"minecraft:oak_fence":2,"minecraft:torch":12,"minecraft:raw_iron_block":1,"minecraft:gravel":3,"minecraft:porkchop":2,"minecraft:diorite":1,"minecraft:white_bed":5,"minecraft:redstone":17,"minecraft:spider_eye":2,"minecraft:mossy_cobblestone":2,"minecraft:arrow":4,"minecraft:rotten_flesh":13,"minecraft:diamond":19,"minecraft:stone_axe":1,"minecraft:granite":4,"minecraft:coal":20,"minecraft:rail":1,"minecraft:cobblestone":87},"minecraft:mined":{"minecraft:deepslate_redstone_ore":3,"minecraft:tuff":8,"minecraft:white_bed":4,"minecraft:mossy_cobblestone":2,"minecraft:deepslate_diamond_ore":20,"minecraft:oak_door":1,"minecraft:crafting_table":2,"minecraft:granite":1,"minecraft:short_grass":3,"minecraft:grass_block":2,"minecraft:cobblestone":1,"minecraft:deepslate_gold_ore":24,"minecraft:lapis_ore":5,"minecraft:sugar_cane":2,"minecraft:diorite":2,"minecraft:spawner":1,"minecraft:chain":7,"minecraft:birch_planks":2,"minecraft:redstone_ore":1,"minecraft:iron_ore":39,"minecraft:andesite":7,"minecraft:pumpkin":5,"minecraft:coal_ore":21,"minecraft:oak_log":9,"minecraft:deepslate_iron_ore":28,"minecraft:dirt":8,"minecraft:stone":84,"minecraft:gold_ore":6,"minecraft:oak_leaves":1,"minecraft:deepslate":55},"minecraft:custom":{"minecraft:interact_with_furnace":32,"minecraft:mob_kills":32,"minecraft:interact_with_crafting_table":17,"minecraft:time_since_death":75533,"minecraft:sleep_in_bed":4,"minecraft:time_since_rest":52403,"minecraft:damage_blocked_by_shield":433,"minecraft:sprint_one_cm":79007,"minecraft:damage_taken":1361,"minecraft:walk_one_cm":384280,"minecraft:drop":12,"minecraft:damage_dealt":5855,"minecraft:swim_one_cm":1360,"minecraft:fly_one_cm":18776,"minecraft:open_chest":16,"minecraft:crouch_one_cm":3434,"minecraft:play_time":75533,"minecraft:sneak_time":1222,"minecraft:walk_under_water_one_cm":10626,"minecraft:boat_one_cm":8567,"minecraft:jump":1217,"minecraft:walk_on_water_one_cm":57170,"minecraft:total_world_time":75533,"minecraft:fall_one_cm":22171},"minecraft:used":{"minecraft:water_bucket":49,"minecraft:birch_planks":1,"minecraft:stone_pickaxe":103,"minecraft:chest":1,"minecraft:shield":14,"minecraft:oak_door":2,"minecraft:torch":12,"minecraft:dirt":12,"minecraft:crafting_table":2,"minecraft:white_bed":4,"minecraft:iron_axe":90,"minecraft:iron_pickaxe":213,"minecraft:iron_helmet":1,"minecraft:stone_axe":12,"minecraft:cobblestone":71,"minecraft:furnace":2,"minecraft:cooked_porkchop":13,"minecraft:andesite":4,"minecraft:bucket":49,"minecraft:oak_boat":1,"minecraft:cooked_beef":2,"minecraft:cobbled_deepslate":11},"minecraft:crafted":{"minecraft:cooked_beef":2,"minecraft:oak_door":3,"minecraft:oak_planks":72,"minecraft:crafting_table":1,"minecraft:iron_helmet":2,"minecraft:furnace":2,"minecraft:oak_boat":1,"minecraft:iron_chestplate":2,"minecraft:shield":2,"minecraft:iron_axe":2,"minecraft:stick":8,"minecraft:iron_ingot":37,"minecraft:iron_pickaxe":1,"minecraft:chest":1}},"DataVersion":3953}