{"stats":{"minecraft:dropped":{"minecraft:water_bucket":1,"minecraft:iron_ingot":4,"minecraft:stone_axe":1,"minecraft:cooked_chicken":2,"minecraft:oak_log":9,"minecraft:cooked_porkchop":15,"minecraft:white_bed":1,"minecraft:torch":12,"minecraft:wooden_pickaxe":1,"minecraft:stone_pickaxe":1},"minecraft:killed":{"minecraft:cave_spider":2,"minecraft:pig":6,"minecraft:spider":1,"minecraft:skeleton":3,"minecraft:sheep":6,"minecraft:zombie":1,"minecraft:cow":5},"minecraft:picked_up":{"minecraft:birch_log":18,"minecraft:iron_chestplate":1,"minecraft:crafting_table":2,"minecraft:andesite":1,"minecraft:leather":6,"minecraft:oak_log":16,"minecraft:shield":1,"minecraft:lapis_lazuli":4,"minecraft:string":1,"minecraft:bone":3,"minecraft:bow":1,"minecraft:cobbled_deepslate":11,"minecraft:raw_gold":15,"minecraft:iron_ingot":1,"minecraft:beef":9,"minecraft:cooked_chicken":2,"minecraft:sugar_cane":3,"minecraft:birch_sapling":7,"minecraft:furnace":2,"minecraft:stick":4,"minecraft:raw_iron":39,"minecraft:birch_boat":1,"minecraft:torch":3,"minecraft:porkchop":13,"minecraft:diorite":3,"minecraft:white_bed":4,"minecraft:redstone":45,"minecraft:arrow":3,"minecraft:rotten_flesh":5,"minecraft:diamond":2,"minecraft:iron_helmet":1,"minecraft:oak_sapling":5,"minecraft:mutton":9,"minecraft:coal":35,"minecraft:white_wool":6,"minecraft:cobblestone":35},"minecraft:mined":{"minecraft:deepslate_redstone_ore":10,"minecraft:white_bed":3,"minecraft:deepslate_diamond_ore":2,"minecraft:crafting_table":2,"minecraft:torch":1,"minecraft:deepslate_gold_ore":15,"minecraft:oak_planks":1,"minecraft:sugar_cane":1,"minecraft:diorite":2,"minecraft:furnace":2,"minecraft:birch_log":18,"minecraft:iron_ore":27,"minecraft:birch_leaves":69,"minecraft:andesite":2,"minecraft:oak_log":16,"minecraft:coal_ore":33,"minecraft:deepslate_iron_ore":12,"minecraft:dirt":2,"minecraft:stone":38,"minecraft:deepslate":7,"minecraft:oak_leaves":57},"minecraft:custom":{"minecraft:interact_with_furnace":44,"minecraft:mob_kills":24,"minecraft:interact_with_crafting_table":15,"minecraft:time_since_death":45625,"minecraft:sleep_in_bed":4,"minecraft:time_since_rest":16403,"minecraft:sprint_one_cm":46123,"minecraft:damage_taken":238,"minecraft:walk_one_cm":180621,"minecraft:damage_blocked_by_shield":204,"minecraft:drop":13,"minecraft:damage_dealt":3032,"minecraft:swim_one_cm":4035,"minecraft:fly_one_cm":37966,"minecraft:open_chest":27,"minecraft:crouch_one_cm":3993,"minecraft:play_time":45625,"minecraft:sneak_time":1889,"minecraft:walk_under_water_one_cm":7589,"minecraft:boat_one_cm":10994,"minecraft:jump":496,"minecraft:walk_on_water_one_cm":18741,"minecraft:total_world_time":45625,"minecraft:fall_one_cm":8566},"minecraft:used":{"minecraft:water_bucket":4,"minecraft:diorite":3,"minecraft:birch_planks":30,"minecraft:stone_pickaxe":42,"minecraft:shield":6,"minecraft:wooden_pickaxe":15,"minecraft:birch_boat":1,"minecraft:iron_chestplate":1,"minecraft:torch":47,"minecraft:crafting_table":3,"minecraft:white_bed":5,"minecraft:oak_log":1,"minecraft:iron_axe":10,"minecraft:iron_pickaxe":100,"minecraft:iron_helmet":1,"minecraft:stone_axe":42,"minecraft:cobblestone":15,"minecraft:furnace":3,"minecraft:andesite":1,"minecraft:bucket":6,"minecraft:cooked_beef":3,"minecraft:cobbled_deepslate":2},"minecraft:crafted":{"minecraft:cooked_beef":7,"minecraft:oak_planks":24,"minecraft:cooked_porkchop":15,"minecraft:crafting_table":1,"minecraft:wooden_pickaxe":1,"minecraft:birch_boat":1,"minecraft:cooked_chicken":2,"minecraft:furnace":1,"minecraft:bucket":2,"minecraft:birch_planks":72,"minecraft:stone_axe":2,"minecraft:cooked_mutton":9,"minecraft:air":0,"minecraft:stick":64,"minecraft:iron_ingot":12,"minecraft:iron_pickaxe":1,"minecraft:stone_pickaxe":2,"minecraft:white_bed":2,"minecraft:torch":56}},"DataVersion":3953}