{"stats":{"minecraft:broken":{"minecraft:iron_shovel":8,"minecraft:iron_boots":1,"minecraft:iron_chestplate":1,"minecraft:fishing_rod":6,"minecraft:stone_hoe":3,"minecraft:iron_axe":1,"minecraft:iron_pickaxe":2,"minecraft:iron_helmet":1},"minecraft:mined":{"minecraft:waxed_cut_copper_slab":9,"minecraft:white_bed":39,"minecraft:oak_sapling":17,"minecraft:cobblestone_stairs":4,"minecraft:jungle_leaves":524,"minecraft:potted_dead_bush":4,"minecraft:brewing_stand":3,"minecraft:granite":14,"minecraft:chiseled_polished_blackstone":1,"minecraft:grass_block":1058,"minecraft:jungle_log":94,"minecraft:cracked_polished_blackstone_bricks":19,"minecraft:deepslate_bricks":1,"minecraft:soul_soil":8,"minecraft:chiseled_tuff_bricks":7,"minecraft:composter":1,"minecraft:hopper":2,"minecraft:tuff_bricks":107,"minecraft:gilded_blackstone":2,"minecraft:polished_blackstone_bricks":28,"minecraft:raw_iron_block":1,"minecraft:iron_ore":41,"minecraft:cobbled_deepslate":20,"minecraft:fire":1,"minecraft:polished_tuff":10,"minecraft:anvil":1,"minecraft:deepslate_lapis_ore":7,"minecraft:fletching_table":2,"minecraft:enchanting_table":1,"minecraft:pointed_dripstone":30,"minecraft:dirt_path":15,"minecraft:water_cauldron":1,"minecraft:polished_tuff_slab":2,"minecraft:deepslate_brick_stairs":2,"minecraft:azalea":1,"minecraft:deepslate_redstone_ore":44,"minecraft:blackstone":3,"minecraft:soul_fire":83,"minecraft:clay":20,"minecraft:torch":15,"minecraft:blast_furnace":4,"minecraft:poppy":7,"minecraft:melon":12,"minecraft:chest":12,"minecraft:cobblestone":35,"minecraft:oak_planks":22,"minecraft:sugar_cane":677,"minecraft:grindstone":1,"minecraft:wall_torch":15,"minecraft:cauldron":1,"minecraft:waxed_copper_bulb":4,"minecraft:red_candle":1,"minecraft:wheat":167,"minecraft:birch_log":18,"minecraft:waxed_copper_block":71,"minecraft:oak_log":1881,"minecraft:waxed_oxidized_copper":1,"minecraft:sand":133,"minecraft:dirt":1131,"minecraft:stonecutter":4,"minecraft:netherrack":19,"minecraft:oak_leaves":605,"minecraft:deepslate":1801,"minecraft:tuff":269,"minecraft:deepslate_diamond_ore":36,"minecraft:waxed_oxidized_chiseled_copper":1,"minecraft:decorated_pot":28,"minecraft:moss_block":1,"minecraft:deepslate_brick_slab":7,"minecraft:waxed_oxidized_cut_copper":1,"minecraft:furnace":5,"minecraft:carrots":3,"minecraft:waxed_copper_grate":4,"minecraft:andesite":68,"minecraft:chiseled_tuff":3,"minecraft:gold_block":8,"minecraft:bell":1,"minecraft:potatoes":91,"minecraft:vine":3,"minecraft:deepslate_iron_ore":65,"minecraft:rail":200,"minecraft:lantern":2,"minecraft:packed_ice":1,"minecraft:stripped_oak_log":1,"minecraft:stone":641,"minecraft:bone_block":54,"minecraft:smithing_table":1,"minecraft:oak_slab":52,"minecraft:soul_sand":19,"minecraft:basalt":6,"minecraft:dandelion":14,"minecraft:crafting_table":6,"minecraft:short_grass":240,"minecraft:rose_bush":21,"minecraft:campfire":1,"minecraft:red_glazed_terracotta":2,"minecraft:copper_ore":1,"minecraft:tall_grass":25,"minecraft:deepslate_gold_ore":75,"minecraft:lapis_ore":3,"minecraft:lily_pad":15,"minecraft:diorite":37,"minecraft:waxed_oxidized_copper_grate":7,"minecraft:birch_leaves":73,"minecraft:yellow_bed":8,"minecraft:coal_ore":138,"minecraft:flower_pot":1,"minecraft:gravel":46,"minecraft:gold_ore":2},"minecraft:killed_by":{"minecraft:piglin_brute":2},"minecraft:custom":{"minecraft:animals_bred":3,"minecraft:interact_with_crafting_table":134,"minecraft:open_barrel":83,"minecraft:bell_ring":13,"minecraft:eat_cake_slice":7,"minecraft:leave_game":9,"minecraft:time_since_death":745991,"minecraft:sprint_one_cm":3010047,"minecraft:damage_blocked_by_shield":2358,"minecraft:drop":531,"minecraft:talked_to_villager":278,"minecraft:play_time":1372101,"minecraft:deaths":5,"minecraft:jump":13024,"minecraft:interact_with_brewingstand":5,"minecraft:walk_on_water_one_cm":128580,"minecraft:enchant_item":2,"minecraft:interact_with_furnace":147,"minecraft:play_record":6,"minecraft:traded_with_villager":849,"minecraft:interact_with_cartography_table":2,"minecraft:sleep_in_bed":35,"minecraft:damage_dealt":47840,"minecraft:player_kills":1,"minecraft:crouch_one_cm":167524,"minecraft:use_cauldron":1,"minecraft:inspect_dispenser":36,"minecraft:horse_one_cm":4325,"minecraft:interact_with_anvil":16,"minecraft:mob_kills":344,"minecraft:fill_cauldron":2,"minecraft:interact_with_campfire":28,"minecraft:climb_one_cm":89276,"minecraft:walk_one_cm":3294382,"minecraft:raid_win":3,"minecraft:sneak_time":53034,"minecraft:walk_under_water_one_cm":49744,"minecraft:boat_one_cm":245855,"minecraft:interact_with_blast_furnace":7,"minecraft:total_world_time":1372101,"minecraft:interact_with_stonecutter":12,"minecraft:interact_with_grindstone":3,"minecraft:time_since_rest":84502,"minecraft:damage_absorbed":40,"minecraft:damage_taken":8423,"minecraft:swim_one_cm":62078,"minecraft:fly_one_cm":2214375,"minecraft:open_chest":1119,"minecraft:fish_caught":714,"minecraft:fall_one_cm":296639},"minecraft:used":{"minecraft:tuff_bricks":67,"minecraft:chiseled_deepslate":1,"minecraft:polished_deepslate":1,"minecraft:iron_shovel":2272,"minecraft:chiseled_tuff":1,"minecraft:ladder":6,"minecraft:poppy":8,"minecraft:decorated_pot":3,"minecraft:shield":89,"minecraft:chest":27,"minecraft:iron_sword":24,"minecraft:bell":1,"minecraft:iron_chestplate":3,"minecraft:soul_sand":80,"minecraft:carrot":14,"minecraft:deepslate_brick_slab":68,"minecraft:tuff":11,"minecraft:axolotl_bucket":1,"minecraft:waxed_oxidized_copper_grate":3,"minecraft:waxed_oxidized_copper":1,"minecraft:glass":112,"minecraft:jungle_sapling":20,"minecraft:lava_bucket":5,"minecraft:lantern":4,"minecraft:iron_helmet":3,"minecraft:hopper_minecart":5,"minecraft:item_frame":38,"minecraft:bow":449,"minecraft:oak_sapling":158,"minecraft:furnace":6,"minecraft:cooked_cod":32,"minecraft:gold_block":7,"minecraft:egg":6,"minecraft:potato":469,"minecraft:diorite":9,"minecraft:oak_planks":82,"minecraft:stone_pickaxe":42,"minecraft:blackstone_stairs":1,"minecraft:blackstone":3,"minecraft:wooden_pickaxe":15,"minecraft:composter":7,"minecraft:diamond_axe":2338,"minecraft:sugar_cane":176,"minecraft:golden_apple":1,"minecraft:cookie":28,"minecraft:sand":1,"minecraft:blast_furnace":4,"minecraft:black_banner":4,"minecraft:cobbled_deepslate_stairs":72,"minecraft:deepslate_brick_stairs":59,"minecraft:deepslate_tiles":1,"minecraft:bread":28,"minecraft:lectern":1,"minecraft:gravel":23,"minecraft:pufferfish":1,"minecraft:blackstone_slab":1,"minecraft:grindstone":1,"minecraft:smithing_table":1,"minecraft:andesite":9,"minecraft:oak_boat":3,"minecraft:waxed_copper_bulb":2,"minecraft:bone_meal":90,"minecraft:oak_fence":3,"minecraft:azalea":1,"minecraft:oak_trapdoor":6,"minecraft:rose_bush":1,"minecraft:enchanting_table":2,"minecraft:trial_key":5,"minecraft:cooked_salmon":1,"minecraft:stone_hoe":514,"minecraft:cooked_chicken":6,"minecraft:netherrack":18,"minecraft:torch":354,"minecraft:brewing_stand":2,"minecraft:dirt":1806,"minecraft:anvil":2,"minecraft:hopper":7,"minecraft:raw_iron_block":1,"minecraft:jungle_trapdoor":9,"minecraft:granite":14,"minecraft:iron_hoe":169,"minecraft:stone_brick_slab":1,"minecraft:bookshelf":1,"minecraft:iron_axe":318,"minecraft:jungle_log":7,"minecraft:red_candle":4,"minecraft:iron_boots":1,"minecraft:waxed_cut_copper_slab":3,"minecraft:golden_carrot":1,"minecraft:barrel":1,"minecraft:melon_seeds":3,"minecraft:basalt":7,"minecraft:soul_soil":15,"minecraft:minecart":6,"minecraft:cooked_beef":7,"minecraft:cobbled_deepslate":179,"minecraft:iron_leggings":1,"minecraft:wheat_seeds":398,"minecraft:cooked_mutton":13,"minecraft:water_bucket":44,"minecraft:cobblestone_stairs":176,"minecraft:birch_planks":30,"minecraft:baked_potato":6,"minecraft:cartography_table":1,"minecraft:birch_boat":4,"minecraft:cauldron":2,"minecraft:fletching_table":5,"minecraft:stonecutter":4,"minecraft:cobblestone_slab":4,"minecraft:deepslate_bricks":473,"minecraft:polished_blackstone_bricks":34,"minecraft:rail":227,"minecraft:crafting_table":14,"minecraft:oak_slab":317,"minecraft:white_bed":39,"minecraft:campfire":2,"minecraft:cake":1,"minecraft:oak_log":1,"minecraft:diamond_pickaxe":3317,"minecraft:apple":2,"minecraft:cracked_polished_blackstone_bricks":16,"minecraft:iron_pickaxe":599,"minecraft:suspicious_stew":4,"minecraft:stone_axe":42,"minecraft:fishing_rod":915,"minecraft:cobblestone":193,"minecraft:white_banner":3,"minecraft:bucket":58,"minecraft:pumpkin_pie":99,"minecraft:yellow_bed":8,"minecraft:dandelion":3,"minecraft:jukebox":1},"minecraft:crafted":{"minecraft:oak_planks":3080,"minecraft:cobblestone_slab":6,"minecraft:barrel":1,"minecraft:birch_boat":1,"minecraft:cooked_chicken":2,"minecraft:cobblestone_stairs":172,"minecraft:bookshelf":2,"minecraft:suspicious_stew":10,"minecraft:cooked_mutton":9,"minecraft:cake":1,"minecraft:glass":154,"minecraft:hopper":9,"minecraft:bow":5,"minecraft:diamond_leggings":2,"minecraft:iron_boots":13,"minecraft:chest":25,"minecraft:cod_bucket":4,"minecraft:stone_hoe":10,"minecraft:oak_fence":3,"minecraft:item_frame":20,"minecraft:oak_slab":348,"minecraft:arrow":816,"minecraft:emerald":619,"minecraft:cauldron":1,"minecraft:cooked_porkchop":15,"minecraft:diamond_axe":3,"minecraft:map":1,"minecraft:crafting_table":8,"minecraft:wooden_pickaxe":1,"minecraft:chainmail_chestplate":6,"minecraft:clock":2,"minecraft:fletching_table":3,"minecraft:gold_block":4,"minecraft:hopper_minecart":4,"minecraft:birch_planks":72,"minecraft:campfire":11,"minecraft:cartography_table":1,"minecraft:lectern":1,"minecraft:book":15,"minecraft:paper":1155,"minecraft:diamond_pickaxe":3,"minecraft:charcoal":58,"minecraft:chiseled_deepslate":1,"minecraft:shield":3,"minecraft:stick":4852,"minecraft:iron_ingot":246,"minecraft:compass":9,"minecraft:iron_pickaxe":3,"minecraft:iron_block":3,"minecraft:gold_ingot":37,"minecraft:composter":5,"minecraft:deepslate_bricks":1,"minecraft:cookie":144,"minecraft:redstone":8,"minecraft:fishing_rod":6,"minecraft:iron_nugget":23,"minecraft:furnace":1,"minecraft:jungle_trapdoor":10,"minecraft:bone_meal":90,"minecraft:glass_pane":112,"minecraft:oak_trapdoor":6,"minecraft:lantern":1,"minecraft:polished_deepslate":1,"minecraft:iron_axe":3,"minecraft:ladder":6,"minecraft:iron_hoe":1,"minecraft:stone_pickaxe":2,"minecraft:diamond_boots":2,"minecraft:filled_map":1,"minecraft:cobbled_deepslate_stairs":84,"minecraft:jungle_sapling":1,"minecraft:minecart":5,"minecraft:cooked_beef":8,"minecraft:crossbow":5,"minecraft:enchanting_table":1,"minecraft:iron_sword":1,"minecraft:black_banner":4,"minecraft:cooked_salmon":78,"minecraft:bucket":4,"minecraft:deepslate_tiles":1,"minecraft:stone_axe":2,"minecraft:glowstone":2,"minecraft:air":0,"minecraft:bread":5,"minecraft:jungle_planks":152,"minecraft:golden_apple":2,"minecraft:iron_shovel":14,"minecraft:iron_leggings":2,"minecraft:anvil":1,"minecraft:white_bed":2,"minecraft:pumpkin_pie":220,"minecraft:torch":316},"minecraft:dropped":{"minecraft:ominous_bottle":2,"minecraft:soul_sand":14,"minecraft:diamond_axe":3,"minecraft:oak_log":165,"minecraft:diamond":1,"minecraft:crafting_table":1,"minecraft:crossbow":1,"minecraft:cooked_porkchop":15,"minecraft:decorated_pot":2,"minecraft:honeycomb":30,"minecraft:cracked_stone_bricks":1,"minecraft:cracked_polished_blackstone_bricks":15,"minecraft:dirt":100,"minecraft:pumpkin_pie":111,"minecraft:sand":5,"minecraft:iron_pickaxe":2,"minecraft:fishing_rod":6,"minecraft:cauldron":1,"minecraft:bone":20,"minecraft:waxed_cut_copper_slab":4,"minecraft:gravel":5,"minecraft:chiseled_polished_blackstone":1,"minecraft:stone_axe":2,"minecraft:blackstone":8,"minecraft:sugar_cane":1,"minecraft:cooked_chicken":8,"minecraft:cobbled_deepslate":2,"minecraft:obsidian":2,"minecraft:rotten_flesh":21,"minecraft:oak_planks":64,"minecraft:white_bed":2,"minecraft:waxed_copper_block":2,"minecraft:poppy":2,"minecraft:leather_boots":3,"minecraft:chest":1,"minecraft:chiseled_tuff":1,"minecraft:basalt":2,"minecraft:arrow":245,"minecraft:campfire":1,"minecraft:stone_brick_stairs":1,"minecraft:splash_potion":2,"minecraft:netherrack":5,"minecraft:enchanted_book":1,"minecraft:water_bucket":2,"minecraft:iron_ingot":4,"minecraft:bread":4,"minecraft:wheat_seeds":35,"minecraft:diamond_leggings":2,"minecraft:poisonous_potato":3,"minecraft:cobblestone":101,"minecraft:waxed_copper_grate":1,"minecraft:tropical_fish":1,"minecraft:golden_apple":20,"minecraft:stick":268,"minecraft:pufferfish":9,"minecraft:diorite":36,"minecraft:golden_carrot":1,"minecraft:ink_sac":2,"minecraft:wooden_hoe":1,"minecraft:torch":12,"minecraft:rose_bush":20,"minecraft:brown_wool":1,"minecraft:waxed_copper_bulb":1,"minecraft:diamond_helmet":1,"minecraft:potion":4,"minecraft:dead_bush":2,"minecraft:iron_leggings":1,"minecraft:iron_axe":4,"minecraft:raw_iron_block":1,"minecraft:iron_shovel":8,"minecraft:string":1,"minecraft:tripwire_hook":1,"minecraft:music_disc_cat":2,"minecraft:dandelion":5,"minecraft:stone_brick_slab":1,"minecraft:soul_soil":1,"minecraft:raw_copper":5,"minecraft:bowl":7,"minecraft:guster_banner_pattern":1,"minecraft:light_gray_wool":1,"minecraft:iron_boots":2,"minecraft:name_tag":1,"minecraft:suspicious_stew":3,"minecraft:filled_map":1,"minecraft:potato":20,"minecraft:shield":3,"minecraft:trial_key":8,"minecraft:diamond_chestplate":2,"minecraft:diamond_pickaxe":1,"minecraft:iron_chestplate":2,"minecraft:andesite":2,"minecraft:mossy_stone_bricks":1,"minecraft:golden_leggings":1,"minecraft:oak_boat":1,"minecraft:oak_sapling":5,"minecraft:waxed_chiseled_copper":4,"minecraft:spider_eye":5,"minecraft:diamond_boots":2,"minecraft:bow":6,"minecraft:stone_pickaxe":3,"minecraft:wooden_pickaxe":1,"minecraft:nautilus_shell":1,"minecraft:waxed_oxidized_copper_grate":2},"minecraft:picked_up":{"minecraft:iron_chestplate":6,"minecraft:wheat":162,"minecraft:flower_pot":5,"minecraft:anvil":1,"minecraft:smithing_table":1,"minecraft:lead":4,"minecraft:diamond_sword":1,"minecraft:potion":13,"minecraft:enchanted_book":7,"minecraft:gilded_blackstone":4,"minecraft:brewing_stand":5,"minecraft:waxed_cut_copper_slab":9,"minecraft:music_disc_cat":4,"minecraft:string":43,"minecraft:soul_soil":15,"minecraft:raw_copper":5,"minecraft:cooked_salmon":20,"minecraft:iron_leggings":2,"minecraft:red_candle":4,"minecraft:pufferfish":86,"minecraft:diamond_leggings":1,"minecraft:gold_nugget":3,"minecraft:cobbled_deepslate":1818,"minecraft:trial_key":15,"minecraft:rose_bush":21,"minecraft:azalea":1,"minecraft:netherite_upgrade_smithing_template":1,"minecraft:iron_pickaxe":2,"minecraft:melon_slice":63,"minecraft:iron_boots":1,"minecraft:furnace":5,"minecraft:tipped_arrow":13,"minecraft:golden_helmet":1,"minecraft:stick":655,"minecraft:jukebox":1,"minecraft:composter":2,"minecraft:torch":80,"minecraft:porkchop":15,"minecraft:waxed_copper_grate":1,"minecraft:diorite":58,"minecraft:pointed_dripstone":64,"minecraft:music_disc_pigstep":4,"minecraft:cauldron":2,"minecraft:honey_bottle":8,"minecraft:rotten_flesh":122,"minecraft:tropical_fish":12,"minecraft:waxed_cut_copper":1,"minecraft:blackstone_stairs":1,"minecraft:cod":426,"minecraft:cobblestone":709,"minecraft:nautilus_shell":9,"minecraft:birch_log":18,"minecraft:enchanting_table":1,"minecraft:water_bucket":2,"minecraft:andesite":70,"minecraft:jungle_log":151,"minecraft:golden_leggings":3,"minecraft:potato":424,"minecraft:flint":7,"minecraft:tuff":273,"minecraft:map":1,"minecraft:lapis_lazuli":73,"minecraft:dirt":2456,"minecraft:lantern":3,"minecraft:name_tag":6,"minecraft:leather_boots":5,"minecraft:bone":102,"minecraft:bow":14,"minecraft:stonecutter":5,"minecraft:wheat_seeds":526,"minecraft:deepslate_brick_slab":4,"minecraft:raw_gold":75,"minecraft:bell":1,"minecraft:grindstone":2,"minecraft:guster_banner_pattern":1,"minecraft:fletching_table":2,"minecraft:diamond_helmet":2,"minecraft:honeycomb":15,"minecraft:scrape_pottery_sherd":4,"minecraft:stone_hoe":1,"minecraft:oak_planks":107,"minecraft:chiseled_polished_blackstone":1,"minecraft:waxed_chiseled_copper":4,"minecraft:poisonous_potato":3,"minecraft:sand":135,"minecraft:ink_sac":5,"minecraft:dead_bush":2,"minecraft:diamond":36,"minecraft:waxed_oxidized_copper_grate":5,"minecraft:cracked_polished_blackstone_bricks":40,"minecraft:crossbow":1,"minecraft:breeze_rod":8,"minecraft:granite":14,"minecraft:golden_apple":12,"minecraft:chainmail_helmet":1,"minecraft:emerald":28,"minecraft:bread":81,"minecraft:oak_sapling":347,"minecraft:netherrack":33,"minecraft:fishing_rod":9,"minecraft:charcoal":2,"minecraft:crafting_table":7,"minecraft:ominous_bottle":5,"minecraft:splash_potion":3,"minecraft:clay_ball":80,"minecraft:gold_block":11,"minecraft:brick":84,"minecraft:shield":2,"minecraft:iron_axe":2,"minecraft:flint_and_steel":1,"minecraft:item_frame":18,"minecraft:iron_shovel":5,"minecraft:blackstone":7,"minecraft:beef":24,"minecraft:oak_boat":3,"minecraft:chiseled_tuff":2,"minecraft:guster_pottery_sherd":2,"minecraft:jungle_sapling":19,"minecraft:poppy":9,"minecraft:minecart":6,"minecraft:sugar_cane":1306,"minecraft:chest":12,"minecraft:birch_sapling":7,"minecraft:waxed_oxidized_copper":1,"minecraft:egg":5,"minecraft:raw_iron":105,"minecraft:oak_door":1,"minecraft:bowl":8,"minecraft:polished_blackstone_bricks":60,"minecraft:cookie":2,"minecraft:carrot":14,"minecraft:redstone":202,"minecraft:music_disc_creator_music_box":1,"minecraft:decorated_pot":5,"minecraft:arrow":337,"minecraft:diamond_chestplate":3,"minecraft:cooked_cod":33,"minecraft:pumpkin_pie":64,"minecraft:deepslate_bricks":1,"minecraft:diamond_boots":1,"minecraft:saddle":5,"minecraft:tuff_bricks":100,"minecraft:glow_berries":1,"minecraft:mutton":14,"minecraft:bone_block":75,"minecraft:rail":201,"minecraft:white_wool":6,"minecraft:oxeye_daisy":1,"minecraft:stripped_oak_log":1,"minecraft:basalt":7,"minecraft:golden_carrot":2,"minecraft:tripwire_hook":7,"minecraft:salmon":193,"minecraft:leather":48,"minecraft:waxed_copper_bulb":3,"minecraft:waxed_copper_block":74,"minecraft:oak_log":1882,"minecraft:lily_pad":34,"minecraft:golden_boots":1,"minecraft:yellow_bed":8,"minecraft:gunpowder":13,"minecraft:cobblestone_stairs":4,"minecraft:wooden_hoe":1,"minecraft:paper":1,"minecraft:white_banner":3,"minecraft:cooked_mutton":4,"minecraft:apple":56,"minecraft:stone_bricks":1,"minecraft:iron_ingot":19,"minecraft:stone_pickaxe":1,"minecraft:cooked_chicken":12,"minecraft:iron_sword":1,"minecraft:soul_sand":80,"minecraft:book":1,"minecraft:oak_slab":69,"minecraft:birch_boat":3,"minecraft:dandelion":18,"minecraft:raw_iron_block":1,"minecraft:gravel":40,"minecraft:spruce_sapling":10,"minecraft:blast_furnace":5,"minecraft:white_bed":38,"minecraft:spruce_log":96,"minecraft:polished_tuff":4,"minecraft:crying_obsidian":12,"minecraft:spider_eye":4,"minecraft:diamond_shovel":1,"minecraft:campfire":1,"minecraft:stone_axe":1,"minecraft:chainmail_leggings":2,"minecraft:iron_helmet":3,"minecraft:diamond_axe":6,"minecraft:baked_potato":6,"minecraft:coal":140,"minecraft:chiseled_tuff_bricks":4,"minecraft:hopper":2,"minecraft:ender_pearl":8},"minecraft:killed":{"minecraft:cave_spider":2,"minecraft:spider":18,"minecraft:skeleton":58,"minecraft:silverfish":6,"minecraft:piglin_brute":8,"minecraft:magma_cube":14,"minecraft:piglin":8,"minecraft:pig":7,"minecraft:creeper":13,"minecraft:sheep":6,"minecraft:pillager":25,"minecraft:zombie":104,"minecraft:stray":34,"minecraft:cow":13,"minecraft:vindicator":5,"minecraft:phantom":3,"minecraft:drowned":2,"minecraft:wandering_trader":1,"minecraft:ravager":4,"minecraft:breeze":4}},"DataVersion":3953}