{"stats":{"minecraft:broken":{"minecraft:iron_shovel":5,"minecraft:fishing_rod":3,"minecraft:stone_hoe":1,"minecraft:iron_axe":1,"minecraft:iron_pickaxe":1},"minecraft:mined":{"minecraft:white_bed":34,"minecraft:oak_sapling":17,"minecraft:jungle_leaves":35,"minecraft:brewing_stand":3,"minecraft:chiseled_polished_blackstone":1,"minecraft:grass_block":831,"minecraft:jungle_log":31,"minecraft:cracked_polished_blackstone_bricks":19,"minecraft:soul_soil":8,"minecraft:composter":1,"minecraft:hopper":2,"minecraft:gilded_blackstone":2,"minecraft:polished_blackstone_bricks":28,"minecraft:raw_iron_block":1,"minecraft:fire":1,"minecraft:iron_ore":33,"minecraft:cobbled_deepslate":8,"minecraft:anvil":1,"minecraft:fletching_table":2,"minecraft:water_cauldron":1,"minecraft:dirt_path":15,"minecraft:azalea":1,"minecraft:deepslate_redstone_ore":10,"minecraft:blackstone":3,"minecraft:soul_fire":83,"minecraft:torch":7,"minecraft:blast_furnace":4,"minecraft:poppy":7,"minecraft:chest":8,"minecraft:cobblestone":8,"minecraft:grindstone":1,"minecraft:sugar_cane":414,"minecraft:oak_planks":17,"minecraft:wall_torch":7,"minecraft:cauldron":1,"minecraft:birch_log":18,"minecraft:wheat":167,"minecraft:oak_log":793,"minecraft:sand":133,"minecraft:dirt":773,"minecraft:stonecutter":2,"minecraft:netherrack":19,"minecraft:oak_leaves":340,"minecraft:deepslate":31,"minecraft:deepslate_diamond_ore":18,"minecraft:moss_block":1,"minecraft:furnace":5,"minecraft:andesite":10,"minecraft:gold_block":8,"minecraft:bell":1,"minecraft:potatoes":51,"minecraft:rail":72,"minecraft:deepslate_iron_ore":57,"minecraft:lantern":2,"minecraft:stripped_oak_log":1,"minecraft:stone":96,"minecraft:bone_block":54,"minecraft:smithing_table":1,"minecraft:oak_slab":52,"minecraft:soul_sand":19,"minecraft:basalt":6,"minecraft:dandelion":14,"minecraft:crafting_table":4,"minecraft:short_grass":190,"minecraft:campfire":1,"minecraft:tall_grass":20,"minecraft:copper_ore":1,"minecraft:deepslate_gold_ore":45,"minecraft:diorite":2,"minecraft:birch_leaves":69,"minecraft:yellow_bed":8,"minecraft:coal_ore":36,"minecraft:gravel":41,"minecraft:gold_ore":2},"minecraft:killed_by":{"minecraft:piglin_brute":2},"minecraft:custom":{"minecraft:animals_bred":2,"minecraft:interact_with_crafting_table":105,"minecraft:open_barrel":11,"minecraft:bell_ring":13,"minecraft:eat_cake_slice":7,"minecraft:leave_game":4,"minecraft:time_since_death":23302,"minecraft:sprint_one_cm":1585924,"minecraft:damage_blocked_by_shield":1178,"minecraft:drop":240,"minecraft:talked_to_villager":150,"minecraft:play_time":649412,"minecraft:deaths":5,"minecraft:jump":7559,"minecraft:interact_with_brewingstand":4,"minecraft:walk_on_water_one_cm":85167,"minecraft:interact_with_furnace":77,"minecraft:play_record":3,"minecraft:traded_with_villager":377,"minecraft:interact_with_cartography_table":1,"minecraft:sleep_in_bed":27,"minecraft:damage_dealt":20931,"minecraft:player_kills":1,"minecraft:crouch_one_cm":79770,"minecraft:use_cauldron":1,"minecraft:horse_one_cm":4325,"minecraft:mob_kills":173,"minecraft:interact_with_anvil":2,"minecraft:fill_cauldron":2,"minecraft:interact_with_campfire":28,"minecraft:climb_one_cm":54579,"minecraft:walk_one_cm":1927308,"minecraft:raid_win":3,"minecraft:sneak_time":27991,"minecraft:walk_under_water_one_cm":38414,"minecraft:boat_one_cm":243354,"minecraft:interact_with_blast_furnace":3,"minecraft:total_world_time":649412,"minecraft:interact_with_grindstone":3,"minecraft:interact_with_stonecutter":6,"minecraft:time_since_rest":23026,"minecraft:damage_taken":4801,"minecraft:swim_one_cm":46903,"minecraft:fly_one_cm":1229500,"minecraft:open_chest":307,"minecraft:fish_caught":146,"minecraft:fall_one_cm":157716},"minecraft:used":{"minecraft:chiseled_deepslate":1,"minecraft:iron_shovel":1694,"minecraft:polished_deepslate":1,"minecraft:ladder":6,"minecraft:poppy":8,"minecraft:shield":41,"minecraft:chest":12,"minecraft:iron_sword":24,"minecraft:bell":1,"minecraft:iron_chestplate":2,"minecraft:soul_sand":80,"minecraft:axolotl_bucket":1,"minecraft:jungle_sapling":3,"minecraft:lava_bucket":5,"minecraft:lantern":4,"minecraft:iron_helmet":3,"minecraft:hopper_minecart":5,"minecraft:bow":368,"minecraft:oak_sapling":158,"minecraft:furnace":6,"minecraft:cooked_cod":32,"minecraft:gold_block":7,"minecraft:egg":3,"minecraft:potato":187,"minecraft:diorite":3,"minecraft:oak_planks":77,"minecraft:stone_pickaxe":42,"minecraft:blackstone_stairs":1,"minecraft:blackstone":3,"minecraft:wooden_pickaxe":15,"minecraft:composter":7,"minecraft:diamond_axe":826,"minecraft:sugar_cane":175,"minecraft:sand":1,"minecraft:black_banner":4,"minecraft:blast_furnace":4,"minecraft:deepslate_tiles":1,"minecraft:bread":27,"minecraft:lectern":1,"minecraft:gravel":20,"minecraft:pufferfish":1,"minecraft:blackstone_slab":1,"minecraft:grindstone":1,"minecraft:smithing_table":1,"minecraft:andesite":1,"minecraft:oak_boat":1,"minecraft:bone_meal":21,"minecraft:oak_fence":3,"minecraft:azalea":1,"minecraft:oak_trapdoor":6,"minecraft:cooked_salmon":1,"minecraft:stone_hoe":260,"minecraft:cooked_chicken":2,"minecraft:netherrack":18,"minecraft:torch":125,"minecraft:brewing_stand":2,"minecraft:dirt":1678,"minecraft:anvil":2,"minecraft:hopper":7,"minecraft:raw_iron_block":1,"minecraft:iron_hoe":169,"minecraft:stone_brick_slab":1,"minecraft:iron_axe":318,"minecraft:iron_boots":1,"minecraft:melon_seeds":3,"minecraft:barrel":1,"minecraft:basalt":7,"minecraft:soul_soil":15,"minecraft:minecart":3,"minecraft:cooked_beef":7,"minecraft:cobbled_deepslate":23,"minecraft:iron_leggings":1,"minecraft:wheat_seeds":349,"minecraft:cooked_mutton":13,"minecraft:water_bucket":40,"minecraft:birch_planks":30,"minecraft:cartography_table":1,"minecraft:birch_boat":3,"minecraft:cauldron":2,"minecraft:fletching_table":5,"minecraft:stonecutter":2,"minecraft:cobblestone_slab":4,"minecraft:deepslate_bricks":1,"minecraft:polished_blackstone_bricks":34,"minecraft:rail":87,"minecraft:crafting_table":9,"minecraft:oak_slab":317,"minecraft:white_bed":33,"minecraft:campfire":2,"minecraft:cake":1,"minecraft:oak_log":1,"minecraft:diamond_pickaxe":152,"minecraft:apple":2,"minecraft:cracked_polished_blackstone_bricks":16,"minecraft:iron_pickaxe":396,"minecraft:suspicious_stew":2,"minecraft:stone_axe":42,"minecraft:fishing_rod":190,"minecraft:cobblestone":32,"minecraft:white_banner":2,"minecraft:bucket":48,"minecraft:pumpkin_pie":14,"minecraft:yellow_bed":8,"minecraft:dandelion":3,"minecraft:jukebox":1},"minecraft:dropped":{"minecraft:soul_sand":14,"minecraft:diamond_axe":1,"minecraft:oak_log":165,"minecraft:diamond":1,"minecraft:crafting_table":1,"minecraft:cooked_porkchop":15,"minecraft:cracked_polished_blackstone_bricks":14,"minecraft:dirt":83,"minecraft:pumpkin_pie":58,"minecraft:sand":2,"minecraft:iron_pickaxe":1,"minecraft:fishing_rod":4,"minecraft:cauldron":1,"minecraft:gravel":2,"minecraft:stone_axe":2,"minecraft:blackstone":4,"minecraft:cooked_chicken":2,"minecraft:obsidian":2,"minecraft:rotten_flesh":4,"minecraft:oak_planks":64,"minecraft:white_bed":2,"minecraft:poppy":2,"minecraft:chest":1,"minecraft:basalt":1,"minecraft:arrow":192,"minecraft:campfire":1,"minecraft:netherrack":4,"minecraft:water_bucket":1,"minecraft:iron_ingot":4,"minecraft:bread":4,"minecraft:wheat_seeds":18,"minecraft:diamond_leggings":1,"minecraft:cobblestone":1,"minecraft:tropical_fish":1,"minecraft:stick":268,"minecraft:pufferfish":9,"minecraft:ink_sac":1,"minecraft:torch":12,"minecraft:diamond_helmet":1,"minecraft:iron_leggings":1,"minecraft:iron_axe":4,"minecraft:raw_iron_block":1,"minecraft:iron_shovel":8,"minecraft:string":1,"minecraft:tripwire_hook":1,"minecraft:music_disc_cat":2,"minecraft:raw_copper":5,"minecraft:bowl":2,"minecraft:iron_boots":2,"minecraft:suspicious_stew":3,"minecraft:shield":3,"minecraft:diamond_chestplate":2,"minecraft:iron_chestplate":1,"minecraft:oak_sapling":1,"minecraft:golden_leggings":1,"minecraft:oak_boat":1,"minecraft:spider_eye":3,"minecraft:diamond_boots":1,"minecraft:stone_pickaxe":3,"minecraft:wooden_pickaxe":1,"minecraft:nautilus_shell":1},"minecraft:crafted":{"minecraft:cobblestone_slab":6,"minecraft:oak_planks":2804,"minecraft:barrel":1,"minecraft:birch_boat":1,"minecraft:cooked_chicken":2,"minecraft:bookshelf":1,"minecraft:cooked_mutton":9,"minecraft:suspicious_stew":6,"minecraft:glass":42,"minecraft:cake":1,"minecraft:hopper":9,"minecraft:bow":5,"minecraft:iron_boots":10,"minecraft:chest":14,"minecraft:stone_hoe":10,"minecraft:oak_fence":3,"minecraft:oak_slab":348,"minecraft:arrow":816,"minecraft:emerald":253,"minecraft:cauldron":1,"minecraft:cooked_porkchop":15,"minecraft:diamond_axe":3,"minecraft:map":1,"minecraft:crafting_table":6,"minecraft:wooden_pickaxe":1,"minecraft:fletching_table":3,"minecraft:gold_block":4,"minecraft:hopper_minecart":4,"minecraft:birch_planks":72,"minecraft:campfire":4,"minecraft:cartography_table":1,"minecraft:lectern":1,"minecraft:book":15,"minecraft:paper":768,"minecraft:diamond_pickaxe":1,"minecraft:chiseled_deepslate":1,"minecraft:shield":3,"minecraft:stick":4440,"minecraft:iron_pickaxe":2,"minecraft:iron_ingot":211,"minecraft:compass":8,"minecraft:iron_block":3,"minecraft:composter":5,"minecraft:deepslate_bricks":1,"minecraft:fishing_rod":3,"minecraft:iron_nugget":9,"minecraft:furnace":1,"minecraft:bone_meal":21,"minecraft:glass_pane":112,"minecraft:oak_trapdoor":6,"minecraft:lantern":1,"minecraft:polished_deepslate":1,"minecraft:iron_axe":3,"minecraft:ladder":6,"minecraft:iron_hoe":1,"minecraft:stone_pickaxe":2,"minecraft:jungle_sapling":1,"minecraft:minecart":5,"minecraft:cooked_beef":7,"minecraft:crossbow":5,"minecraft:iron_sword":1,"minecraft:black_banner":4,"minecraft:bucket":4,"minecraft:deepslate_tiles":1,"minecraft:stone_axe":2,"minecraft:air":0,"minecraft:bread":5,"minecraft:jungle_planks":4,"minecraft:iron_shovel":12,"minecraft:iron_leggings":2,"minecraft:anvil":1,"minecraft:white_bed":2,"minecraft:pumpkin_pie":96,"minecraft:torch":108},"minecraft:picked_up":{"minecraft:iron_chestplate":2,"minecraft:wheat":160,"minecraft:anvil":1,"minecraft:diamond_sword":1,"minecraft:smithing_table":1,"minecraft:enchanted_book":2,"minecraft:potion":4,"minecraft:gilded_blackstone":4,"minecraft:brewing_stand":5,"minecraft:music_disc_cat":4,"minecraft:string":36,"minecraft:soul_soil":15,"minecraft:raw_copper":5,"minecraft:cooked_salmon":20,"minecraft:iron_leggings":1,"minecraft:pufferfish":20,"minecraft:diamond_leggings":1,"minecraft:gold_nugget":3,"minecraft:cobbled_deepslate":50,"minecraft:netherite_upgrade_smithing_template":1,"minecraft:azalea":1,"minecraft:iron_pickaxe":1,"minecraft:iron_boots":1,"minecraft:furnace":5,"minecraft:golden_helmet":1,"minecraft:stick":575,"minecraft:jukebox":1,"minecraft:composter":2,"minecraft:torch":57,"minecraft:porkchop":15,"minecraft:music_disc_pigstep":1,"minecraft:diorite":3,"minecraft:cauldron":2,"minecraft:rotten_flesh":46,"minecraft:tropical_fish":1,"minecraft:blackstone_stairs":1,"minecraft:cod":84,"minecraft:cobblestone":98,"minecraft:nautilus_shell":1,"minecraft:birch_log":18,"minecraft:water_bucket":1,"minecraft:andesite":11,"minecraft:jungle_log":31,"minecraft:golden_leggings":1,"minecraft:potato":269,"minecraft:flint":7,"minecraft:tuff":8,"minecraft:map":1,"minecraft:lapis_lazuli":5,"minecraft:dirt":1795,"minecraft:lantern":3,"minecraft:bone":18,"minecraft:stonecutter":3,"minecraft:bow":4,"minecraft:wheat_seeds":506,"minecraft:raw_gold":45,"minecraft:bell":1,"minecraft:grindstone":2,"minecraft:diamond_helmet":2,"minecraft:fletching_table":2,"minecraft:oak_planks":102,"minecraft:chiseled_polished_blackstone":1,"minecraft:sand":135,"minecraft:ink_sac":1,"minecraft:diamond":18,"minecraft:cracked_polished_blackstone_bricks":40,"minecraft:golden_apple":6,"minecraft:emerald":2,"minecraft:chainmail_helmet":1,"minecraft:bread":70,"minecraft:oak_sapling":274,"minecraft:netherrack":33,"minecraft:fishing_rod":5,"minecraft:charcoal":2,"minecraft:crafting_table":5,"minecraft:splash_potion":1,"minecraft:ominous_bottle":1,"minecraft:gold_block":11,"minecraft:shield":2,"minecraft:iron_axe":2,"minecraft:flint_and_steel":1,"minecraft:iron_shovel":5,"minecraft:blackstone":7,"minecraft:beef":11,"minecraft:oak_boat":1,"minecraft:jungle_sapling":4,"minecraft:poppy":9,"minecraft:minecart":2,"minecraft:sugar_cane":784,"minecraft:chest":8,"minecraft:birch_sapling":7,"minecraft:egg":4,"minecraft:raw_iron":89,"minecraft:bowl":3,"minecraft:polished_blackstone_bricks":60,"minecraft:cookie":2,"minecraft:redstone":47,"minecraft:arrow":189,"minecraft:diamond_chestplate":3,"minecraft:cooked_cod":33,"minecraft:pumpkin_pie":64,"minecraft:diamond_boots":1,"minecraft:saddle":2,"minecraft:glow_berries":1,"minecraft:mutton":14,"minecraft:bone_block":75,"minecraft:rail":70,"minecraft:white_wool":6,"minecraft:stripped_oak_log":1,"minecraft:basalt":7,"minecraft:tripwire_hook":1,"minecraft:salmon":46,"minecraft:leather":33,"minecraft:lily_pad":1,"minecraft:oak_log":795,"minecraft:golden_boots":1,"minecraft:yellow_bed":8,"minecraft:gunpowder":7,"minecraft:white_banner":2,"minecraft:cooked_mutton":4,"minecraft:apple":38,"minecraft:iron_ingot":5,"minecraft:stone_pickaxe":1,"minecraft:cooked_chicken":2,"minecraft:soul_sand":80,"minecraft:book":1,"minecraft:oak_slab":69,"minecraft:birch_boat":2,"minecraft:dandelion":13,"minecraft:raw_iron_block":1,"minecraft:gravel":34,"minecraft:spruce_sapling":10,"minecraft:blast_furnace":5,"minecraft:white_bed":33,"minecraft:spruce_log":96,"minecraft:crying_obsidian":11,"minecraft:spider_eye":3,"minecraft:diamond_shovel":1,"minecraft:campfire":1,"minecraft:chainmail_leggings":2,"minecraft:iron_helmet":3,"minecraft:diamond_axe":5,"minecraft:coal":38,"minecraft:hopper":2,"minecraft:ender_pearl":8},"minecraft:killed":{"minecraft:cave_spider":2,"minecraft:spider":11,"minecraft:skeleton":28,"minecraft:piglin_brute":8,"minecraft:magma_cube":14,"minecraft:piglin":8,"minecraft:pig":7,"minecraft:creeper":6,"minecraft:sheep":6,"minecraft:pillager":22,"minecraft:zombie":41,"minecraft:cow":6,"minecraft:vindicator":5,"minecraft:phantom":1,"minecraft:ravager":4}},"DataVersion":3953}