{"stats":{"minecraft:broken":{"minecraft:iron_boots":1,"minecraft:iron_chestplate":1,"minecraft:fishing_rod":6,"minecraft:stone_hoe":3,"minecraft:iron_axe":1,"minecraft:iron_pickaxe":2,"minecraft:iron_helmet":1,"minecraft:iron_shovel":8},"minecraft:crafted":{"minecraft:oak_sign":48,"minecraft:birch_boat":1,"minecraft:bookshelf":2,"minecraft:cooked_mutton":9,"minecraft:mace":1,"minecraft:glass":154,"minecraft:diamond_helmet":3,"minecraft:diamond_leggings":3,"minecraft:emerald":663,"minecraft:cooked_porkchop":15,"minecraft:diamond_axe":3,"minecraft:clock":2,"minecraft:copper_ingot":9,"minecraft:fletching_table":3,"minecraft:campfire":11,"minecraft:cartography_table":1,"minecraft:lectern":1,"minecraft:chiseled_deepslate":1,"minecraft:compass":9,"minecraft:iron_pickaxe":3,"minecraft:iron_block":3,"minecraft:gold_ingot":37,"minecraft:composter":5,"minecraft:jukebox":1,"minecraft:iron_nugget":23,"minecraft:wind_charge":4,"minecraft:bone_meal":90,"minecraft:lantern":1,"minecraft:ladder":6,"minecraft:stone_pickaxe":2,"minecraft:diamond_boots":4,"minecraft:cobbled_deepslate_stairs":84,"minecraft:jungle_sapling":1,"minecraft:crossbow":5,"minecraft:enchanting_table":1,"minecraft:deepslate_tiles":1,"minecraft:glowstone":2,"minecraft:golden_apple":2,"minecraft:iron_shovel":14,"minecraft:iron_leggings":2,"minecraft:white_bed":2,"minecraft:brick":80,"minecraft:oak_planks":3108,"minecraft:cobblestone_slab":6,"minecraft:barrel":1,"minecraft:cooked_chicken":2,"minecraft:cobblestone_stairs":172,"minecraft:suspicious_stew":10,"minecraft:cake":1,"minecraft:hopper":9,"minecraft:bow":5,"minecraft:iron_boots":13,"minecraft:polished_basalt":4,"minecraft:chest":26,"minecraft:copper_block":1,"minecraft:cod_bucket":4,"minecraft:stone_hoe":10,"minecraft:oak_fence":3,"minecraft:item_frame":23,"minecraft:oak_slab":348,"minecraft:arrow":816,"minecraft:cauldron":1,"minecraft:map":1,"minecraft:crafting_table":10,"minecraft:wooden_pickaxe":1,"minecraft:chainmail_chestplate":6,"minecraft:gold_block":4,"minecraft:hopper_minecart":4,"minecraft:birch_planks":84,"minecraft:book":15,"minecraft:paper":1155,"minecraft:diamond_pickaxe":5,"minecraft:charcoal":58,"minecraft:shield":3,"minecraft:stick":4884,"minecraft:iron_ingot":246,"minecraft:deepslate_bricks":1,"minecraft:cookie":144,"minecraft:nether_brick_slab":12,"minecraft:redstone":8,"minecraft:fishing_rod":6,"minecraft:furnace":1,"minecraft:jungle_trapdoor":10,"minecraft:glass_pane":112,"minecraft:oak_trapdoor":6,"minecraft:polished_deepslate":1,"minecraft:iron_axe":3,"minecraft:iron_hoe":1,"minecraft:filled_map":1,"minecraft:minecart":5,"minecraft:cooked_beef":8,"minecraft:iron_sword":1,"minecraft:black_banner":4,"minecraft:cooked_salmon":78,"minecraft:bucket":4,"minecraft:stone_axe":2,"minecraft:air":0,"minecraft:bread":5,"minecraft:jungle_planks":152,"minecraft:anvil":1,"minecraft:pumpkin_pie":360,"minecraft:torch":316},"minecraft:dropped":{"minecraft:ominous_bottle":2,"minecraft:diamond":1,"minecraft:crafting_table":1,"minecraft:cooked_porkchop":15,"minecraft:crossbow":1,"minecraft:cracked_stone_bricks":1,"minecraft:dirt":102,"minecraft:phantom_membrane":2,"minecraft:sand":5,"minecraft:iron_pickaxe":2,"minecraft:fishing_rod":6,"minecraft:bone":24,"minecraft:waxed_cut_copper_slab":8,"minecraft:stone_axe":2,"minecraft:sugar_cane":1,"minecraft:cooked_chicken":10,"minecraft:cobbled_deepslate":323,"minecraft:obsidian":2,"minecraft:rotten_flesh":21,"minecraft:oak_planks":64,"minecraft:white_bed":2,"minecraft:waxed_copper_block":11,"minecraft:wind_charge":22,"minecraft:leather_boots":3,"minecraft:breeze_rod":11,"minecraft:chiseled_tuff":1,"minecraft:campfire":1,"minecraft:warped_wart_block":2,"minecraft:stone_brick_stairs":1,"minecraft:enchanted_book":1,"minecraft:iron_ingot":18,"minecraft:wheat_seeds":36,"minecraft:copper_block":1,"minecraft:cobblestone":101,"minecraft:waxed_copper_grate":6,"minecraft:granite":3,"minecraft:golden_apple":20,"minecraft:pufferfish":9,"minecraft:golden_carrot":1,"minecraft:ink_sac":2,"minecraft:wooden_hoe":1,"minecraft:rose_bush":20,"minecraft:diamond_helmet":3,"minecraft:potion":8,"minecraft:dead_bush":2,"minecraft:iron_shovel":8,"minecraft:string":1,"minecraft:stone_brick_slab":1,"minecraft:soul_soil":1,"minecraft:bowl":7,"minecraft:iron_boots":2,"minecraft:name_tag":1,"minecraft:nether_bricks":6,"minecraft:oak_sign":32,"minecraft:suspicious_stew":3,"minecraft:potato":447,"minecraft:waxed_cut_copper":1,"minecraft:diamond_pickaxe":3,"minecraft:spider_eye":6,"minecraft:bow":11,"minecraft:soul_sand":14,"minecraft:diamond_axe":4,"minecraft:oak_log":165,"minecraft:decorated_pot":2,"minecraft:honeycomb":30,"minecraft:cracked_polished_blackstone_bricks":15,"minecraft:mace":2,"minecraft:pumpkin_pie":207,"minecraft:cauldron":1,"minecraft:gravel":5,"minecraft:chiseled_polished_blackstone":1,"minecraft:blackstone":8,"minecraft:poppy":2,"minecraft:lingering_potion":4,"minecraft:chest":2,"minecraft:basalt":3,"minecraft:arrow":248,"minecraft:splash_potion":2,"minecraft:netherrack":329,"minecraft:water_bucket":5,"minecraft:bread":4,"minecraft:diamond_leggings":3,"minecraft:poisonous_potato":3,"minecraft:polished_tuff":19,"minecraft:tropical_fish":1,"minecraft:ominous_trial_key":3,"minecraft:stick":270,"minecraft:diorite":36,"minecraft:torch":12,"minecraft:brown_wool":1,"minecraft:waxed_copper_bulb":1,"minecraft:waxed_oxidized_copper":1,"minecraft:iron_leggings":1,"minecraft:iron_axe":4,"minecraft:raw_iron_block":1,"minecraft:tripwire_hook":1,"minecraft:music_disc_cat":2,"minecraft:dandelion":5,"minecraft:tuff_bricks":4,"minecraft:raw_copper":7,"minecraft:guster_banner_pattern":1,"minecraft:light_gray_wool":1,"minecraft:filled_map":1,"minecraft:shield":6,"minecraft:trial_key":64,"minecraft:diamond_chestplate":3,"minecraft:iron_chestplate":3,"minecraft:andesite":5,"minecraft:mossy_stone_bricks":1,"minecraft:golden_leggings":1,"minecraft:oak_boat":1,"minecraft:oak_sapling":6,"minecraft:waxed_chiseled_copper":5,"minecraft:diamond_boots":3,"minecraft:slime_ball":5,"minecraft:stone_pickaxe":3,"minecraft:wooden_pickaxe":1,"minecraft:nautilus_shell":1,"minecraft:waxed_oxidized_copper_grate":2},"minecraft:mined":{"minecraft:white_bed":41,"minecraft:jungle_leaves":524,"minecraft:potted_dead_bush":5,"minecraft:granite":32,"minecraft:chiseled_polished_blackstone":1,"minecraft:jungle_log":94,"minecraft:deepslate_bricks":1,"minecraft:chiseled_tuff_bricks":12,"minecraft:hopper":2,"minecraft:oak_wall_sign":1,"minecraft:nether_wart":21,"minecraft:polished_blackstone_bricks":28,"minecraft:cobbled_deepslate":21,"minecraft:fire":8,"minecraft:fletching_table":2,"minecraft:deepslate_lapis_ore":7,"minecraft:enchanting_table":1,"minecraft:water_cauldron":1,"minecraft:dirt_path":15,"minecraft:deepslate_brick_stairs":2,"minecraft:soul_fire":83,"minecraft:torch":16,"minecraft:blast_furnace":4,"minecraft:melon":12,"minecraft:sugar_cane":677,"minecraft:waxed_copper_bulb":4,"minecraft:wheat":167,"minecraft:jukebox":4,"minecraft:waxed_copper_block":84,"minecraft:stonecutter":4,"minecraft:deepslate":1853,"minecraft:waxed_oxidized_chiseled_copper":1,"minecraft:nether_bricks":35,"minecraft:cobbled_deepslate_slab":17,"minecraft:moss_block":1,"minecraft:waxed_oxidized_cut_copper":1,"minecraft:waxed_copper_grate":7,"minecraft:andesite":105,"minecraft:chiseled_tuff":3,"minecraft:potatoes":91,"minecraft:vine":3,"minecraft:rail":200,"minecraft:waxed_weathered_copper_bulb":1,"minecraft:bone_block":54,"minecraft:smithing_table":1,"minecraft:oak_slab":66,"minecraft:soul_sand":41,"minecraft:dandelion":14,"minecraft:short_grass":252,"minecraft:campfire":1,"minecraft:tall_grass":26,"minecraft:copper_ore":2,"minecraft:deepslate_gold_ore":79,"minecraft:diorite":50,"minecraft:warped_wart_block":2,"minecraft:birch_leaves":73,"minecraft:gravel":51,"minecraft:gold_ore":2,"minecraft:waxed_cut_copper_slab":11,"minecraft:oak_sapling":17,"minecraft:cobblestone_stairs":4,"minecraft:brewing_stand":3,"minecraft:grass_block":1074,"minecraft:cracked_polished_blackstone_bricks":19,"minecraft:soul_soil":9,"minecraft:composter":1,"minecraft:tuff_bricks":223,"minecraft:gilded_blackstone":2,"minecraft:raw_iron_block":1,"minecraft:iron_ore":42,"minecraft:polished_tuff":26,"minecraft:anvil":1,"minecraft:pointed_dripstone":30,"minecraft:polished_tuff_slab":2,"minecraft:azalea":1,"minecraft:deepslate_redstone_ore":44,"minecraft:blackstone":3,"minecraft:twisting_vines_plant":1,"minecraft:clay":20,"minecraft:poppy":7,"minecraft:chest":13,"minecraft:nether_quartz_ore":4,"minecraft:cobblestone":79,"minecraft:grindstone":1,"minecraft:oak_planks":22,"minecraft:waxed_chiseled_copper":2,"minecraft:wall_torch":15,"minecraft:cauldron":1,"minecraft:warped_nylium":1,"minecraft:red_candle":1,"minecraft:nether_wart_block":1,"minecraft:birch_log":21,"minecraft:oak_log":1883,"minecraft:waxed_oxidized_copper":8,"minecraft:sand":133,"minecraft:dirt":1168,"minecraft:ancient_debris":1,"minecraft:netherrack":546,"minecraft:oak_leaves":614,"minecraft:nether_gold_ore":24,"minecraft:tuff":273,"minecraft:deepslate_diamond_ore":40,"minecraft:decorated_pot":28,"minecraft:deepslate_brick_slab":7,"minecraft:oak_trapdoor":3,"minecraft:furnace":5,"minecraft:carrots":3,"minecraft:gold_block":8,"minecraft:bell":1,"minecraft:nether_brick_fence":3,"minecraft:deepslate_iron_ore":65,"minecraft:lantern":2,"minecraft:stripped_oak_log":1,"minecraft:packed_ice":1,"minecraft:stone":863,"minecraft:basalt":21,"minecraft:crafting_table":6,"minecraft:rose_bush":21,"minecraft:red_glazed_terracotta":2,"minecraft:lapis_ore":3,"minecraft:lily_pad":15,"minecraft:waxed_oxidized_copper_grate":14,"minecraft:yellow_bed":8,"minecraft:coal_ore":182,"minecraft:flower_pot":1},"minecraft:picked_up":{"minecraft:iron_chestplate":7,"minecraft:flower_pot":5,"minecraft:anvil":1,"minecraft:diamond_sword":1,"minecraft:lead":17,"minecraft:smithing_table":1,"minecraft:enchanted_book":7,"minecraft:brewing_stand":5,"minecraft:soul_soil":17,"minecraft:music_disc_cat":4,"minecraft:string":46,"minecraft:cooked_salmon":20,"minecraft:pufferfish":87,"minecraft:diamond_leggings":2,"minecraft:cobbled_deepslate":1852,"minecraft:gold_nugget":120,"minecraft:trial_key":79,"minecraft:netherite_upgrade_smithing_template":1,"minecraft:melon_slice":63,"minecraft:golden_helmet":1,"minecraft:jukebox":5,"minecraft:composter":2,"minecraft:waxed_copper_grate":5,"minecraft:cauldron":2,"minecraft:honey_bottle":14,"minecraft:tropical_fish":13,"minecraft:polished_basalt":4,"minecraft:waxed_cut_copper":1,"minecraft:blaze_rod":13,"minecraft:blackstone_stairs":1,"minecraft:birch_log":21,"minecraft:cooked_beef":8,"minecraft:water_bucket":9,"minecraft:jungle_log":151,"minecraft:flint":7,"minecraft:map":1,"minecraft:lantern":3,"minecraft:stonecutter":5,"minecraft:guster_banner_pattern":1,"minecraft:diamond_helmet":2,"minecraft:honeycomb":15,"minecraft:chiseled_polished_blackstone":1,"minecraft:warped_wart_block":2,"minecraft:ink_sac":5,"minecraft:granite":32,"minecraft:chainmail_helmet":1,"minecraft:bread":85,"minecraft:music_disc_precipice":3,"minecraft:ominous_trial_key":6,"minecraft:diamond_pickaxe":2,"minecraft:crafting_table":7,"minecraft:ominous_bottle":6,"minecraft:nether_wart":22,"minecraft:clay_ball":80,"minecraft:wind_charge":67,"minecraft:flow_banner_pattern":1,"minecraft:flint_and_steel":1,"minecraft:iron_shovel":5,"minecraft:beef":24,"minecraft:chiseled_tuff":2,"minecraft:jungle_sapling":19,"minecraft:poppy":10,"minecraft:minecart":6,"minecraft:guster_pottery_sherd":2,"minecraft:chest":14,"minecraft:birch_sapling":7,"minecraft:waxed_oxidized_copper":6,"minecraft:egg":5,"minecraft:oak_door":1,"minecraft:mace":5,"minecraft:carrot":14,"minecraft:redstone":202,"minecraft:music_disc_creator_music_box":7,"minecraft:diamond_chestplate":5,"minecraft:cooked_cod":33,"minecraft:decorated_pot":5,"minecraft:deepslate_bricks":1,"minecraft:diamond_boots":1,"minecraft:flow_armor_trim_smithing_template":1,"minecraft:tuff_bricks":139,"minecraft:glow_berries":1,"minecraft:mutton":14,"minecraft:rail":201,"minecraft:bone_block":75,"minecraft:white_wool":6,"minecraft:oxeye_daisy":1,"minecraft:stripped_oak_log":1,"minecraft:tripwire_hook":7,"minecraft:oak_log":1884,"minecraft:lily_pad":35,"minecraft:ancient_debris":1,"minecraft:golden_boots":1,"minecraft:paper":1,"minecraft:white_banner":4,"minecraft:stone_bricks":1,"minecraft:apple":56,"minecraft:stone_pickaxe":1,"minecraft:iron_sword":1,"minecraft:gravel":45,"minecraft:spruce_sapling":10,"minecraft:spruce_log":96,"minecraft:crying_obsidian":12,"minecraft:polished_tuff":40,"minecraft:diamond_shovel":1,"minecraft:slime_ball":5,"minecraft:stone_axe":1,"minecraft:diamond_axe":8,"minecraft:baked_potato":26,"minecraft:warped_nylium":1,"minecraft:hopper":2,"minecraft:ender_pearl":10,"minecraft:wheat":162,"minecraft:potion":26,"minecraft:gilded_blackstone":4,"minecraft:waxed_cut_copper_slab":11,"minecraft:raw_copper":7,"minecraft:iron_leggings":2,"minecraft:red_candle":4,"minecraft:oak_sign":1,"minecraft:rose_bush":21,"minecraft:azalea":1,"minecraft:iron_pickaxe":2,"minecraft:iron_boots":1,"minecraft:furnace":5,"minecraft:tipped_arrow":133,"minecraft:stick":657,"minecraft:torch":81,"minecraft:porkchop":15,"minecraft:music_disc_pigstep":4,"minecraft:pointed_dripstone":64,"minecraft:diorite":71,"minecraft:rotten_flesh":229,"minecraft:cod":447,"minecraft:cobblestone":973,"minecraft:nautilus_shell":11,"minecraft:enchanting_table":1,"minecraft:andesite":106,"minecraft:golden_leggings":3,"minecraft:potato":753,"minecraft:tuff":273,"minecraft:lapis_lazuli":73,"minecraft:dirt":2504,"minecraft:name_tag":6,"minecraft:leather_boots":5,"minecraft:bone":246,"minecraft:bow":23,"minecraft:wheat_seeds":527,"minecraft:deepslate_brick_slab":4,"minecraft:raw_gold":79,"minecraft:bell":1,"minecraft:grindstone":2,"minecraft:bolt_armor_trim_smithing_template":1,"minecraft:fletching_table":2,"minecraft:scrape_pottery_sherd":4,"minecraft:oak_planks":107,"minecraft:stone_hoe":1,"minecraft:poisonous_potato":3,"minecraft:waxed_chiseled_copper":5,"minecraft:sand":135,"minecraft:dead_bush":2,"minecraft:grass_block":2,"minecraft:diamond":42,"minecraft:waxed_oxidized_copper_grate":16,"minecraft:cracked_polished_blackstone_bricks":40,"minecraft:crossbow":1,"minecraft:breeze_rod":35,"minecraft:golden_apple":15,"minecraft:emerald":140,"minecraft:oak_sapling":349,"minecraft:netherrack":1319,"minecraft:fishing_rod":9,"minecraft:lingering_potion":1,"minecraft:charcoal":2,"minecraft:splash_potion":3,"minecraft:gold_block":11,"minecraft:brick":84,"minecraft:shield":5,"minecraft:oak_trapdoor":3,"minecraft:iron_axe":2,"minecraft:item_frame":18,"minecraft:blackstone":7,"minecraft:oak_boat":3,"minecraft:sugar_cane":1306,"minecraft:phantom_membrane":2,"minecraft:raw_iron":106,"minecraft:bowl":8,"minecraft:polished_blackstone_bricks":60,"minecraft:cookie":2,"minecraft:arrow":432,"minecraft:pumpkin_pie":104,"minecraft:nether_bricks":31,"minecraft:saddle":7,"minecraft:basalt":26,"minecraft:golden_carrot":5,"minecraft:salmon":200,"minecraft:leather":48,"minecraft:waxed_copper_bulb":3,"minecraft:waxed_copper_block":102,"minecraft:nether_wart_block":1,"minecraft:yellow_bed":8,"minecraft:cobblestone_stairs":4,"minecraft:gunpowder":13,"minecraft:wooden_hoe":1,"minecraft:cooked_mutton":4,"minecraft:iron_ingot":54,"minecraft:cooked_chicken":28,"minecraft:soul_sand":143,"minecraft:book":1,"minecraft:oak_slab":82,"minecraft:emerald_block":1,"minecraft:birch_boat":3,"minecraft:heavy_core":1,"minecraft:quartz":8,"minecraft:dandelion":18,"minecraft:raw_iron_block":1,"minecraft:blast_furnace":5,"minecraft:white_bed":40,"minecraft:spider_eye":5,"minecraft:campfire":1,"minecraft:chainmail_leggings":2,"minecraft:iron_helmet":3,"minecraft:coal":184,"minecraft:chiseled_tuff_bricks":8},"minecraft:killed_by":{"minecraft:piglin_brute":2,"minecraft:player":3},"minecraft:killed":{"minecraft:cave_spider":2,"minecraft:skeleton":66,"minecraft:magma_cube":21,"minecraft:iron_golem":5,"minecraft:pillager":25,"minecraft:zombie":189,"minecraft:cow":13,"minecraft:vindicator":5,"minecraft:horse":1,"minecraft:wandering_trader":1,"minecraft:ravager":4,"minecraft:breeze":18,"minecraft:enderman":5,"minecraft:spider":19,"minecraft:silverfish":33,"minecraft:piglin_brute":8,"minecraft:piglin":8,"minecraft:pig":7,"minecraft:creeper":14,"minecraft:sheep":6,"minecraft:ghast":4,"minecraft:stray":99,"minecraft:blaze":25,"minecraft:slime":1,"minecraft:phantom":6,"minecraft:drowned":2,"minecraft:hoglin":2,"minecraft:wither_skeleton":7},"minecraft:custom":{"minecraft:interact_with_crafting_table":145,"minecraft:open_barrel":94,"minecraft:bell_ring":13,"minecraft:eat_cake_slice":7,"minecraft:leave_game":15,"minecraft:time_since_death":81134,"minecraft:damage_blocked_by_shield":3493,"minecraft:play_time":1693746,"minecraft:deaths":16,"minecraft:jump":16973,"minecraft:enchant_item":2,"minecraft:interact_with_furnace":155,"minecraft:play_record":14,"minecraft:traded_with_villager":918,"minecraft:interact_with_cartography_table":3,"minecraft:sleep_in_bed":37,"minecraft:damage_dealt":88283,"minecraft:use_cauldron":1,"minecraft:inspect_dispenser":54,"minecraft:horse_one_cm":4325,"minecraft:interact_with_anvil":21,"minecraft:sneak_time":81434,"minecraft:interact_with_blast_furnace":7,"minecraft:total_world_time":1693746,"minecraft:interact_with_stonecutter":12,"minecraft:time_since_rest":81160,"minecraft:swim_one_cm":463799,"minecraft:fly_one_cm":2803288,"minecraft:open_chest":1372,"minecraft:fish_caught":744,"minecraft:fall_one_cm":548708,"minecraft:animals_bred":3,"minecraft:sprint_one_cm":3869408,"minecraft:drop":1085,"minecraft:talked_to_villager":301,"minecraft:interact_with_brewingstand":5,"minecraft:walk_on_water_one_cm":206668,"minecraft:player_kills":3,"minecraft:crouch_one_cm":252671,"minecraft:mob_kills":607,"minecraft:fill_cauldron":2,"minecraft:interact_with_campfire":28,"minecraft:climb_one_cm":108763,"minecraft:walk_one_cm":4126144,"minecraft:raid_win":3,"minecraft:walk_under_water_one_cm":220803,"minecraft:boat_one_cm":245855,"minecraft:interact_with_grindstone":3,"minecraft:damage_taken":27638,"minecraft:damage_absorbed":122},"minecraft:used":{"minecraft:tuff_bricks":135,"minecraft:chiseled_deepslate":1,"minecraft:chiseled_tuff":1,"minecraft:poppy":9,"minecraft:ladder":6,"minecraft:chest":29,"minecraft:soul_sand":89,"minecraft:deepslate_brick_slab":68,"minecraft:jungle_sapling":20,"minecraft:lava_bucket":5,"minecraft:bow":663,"minecraft:furnace":6,"minecraft:oak_sapling":159,"minecraft:cooked_cod":32,"minecraft:egg":6,"minecraft:potato":475,"minecraft:diorite":22,"minecraft:blackstone_stairs":1,"minecraft:blackstone":3,"minecraft:wooden_pickaxe":15,"minecraft:composter":7,"minecraft:cookie":28,"minecraft:golden_apple":3,"minecraft:sand":1,"minecraft:blast_furnace":4,"minecraft:deepslate_brick_stairs":59,"minecraft:deepslate_tiles":1,"minecraft:lectern":1,"minecraft:pufferfish":1,"minecraft:chiseled_tuff_bricks":4,"minecraft:nether_wart_block":1,"minecraft:smithing_table":1,"minecraft:oak_boat":3,"minecraft:oak_trapdoor":9,"minecraft:enchanting_table":2,"minecraft:cooked_salmon":1,"minecraft:netherrack":524,"minecraft:trial_key":12,"minecraft:torch":355,"minecraft:brewing_stand":2,"minecraft:anvil":2,"minecraft:nether_brick_slab":12,"minecraft:jungle_trapdoor":9,"minecraft:iron_axe":318,"minecraft:jungle_log":7,"minecraft:melon_seeds":3,"minecraft:barrel":1,"minecraft:basalt":18,"minecraft:cobbled_deepslate":181,"minecraft:wheat_seeds":398,"minecraft:water_bucket":190,"minecraft:birch_planks":30,"minecraft:cartography_table":1,"minecraft:cauldron":2,"minecraft:fletching_table":5,"minecraft:deepslate_bricks":473,"minecraft:polished_blackstone_bricks":34,"minecraft:rail":227,"minecraft:oak_slab":330,"minecraft:crafting_table":16,"minecraft:campfire":2,"minecraft:white_bed":41,"minecraft:cake":1,"minecraft:oak_log":1,"minecraft:diamond_pickaxe":4567,"minecraft:ominous_trial_key":3,"minecraft:wind_charge":22,"minecraft:suspicious_stew":4,"minecraft:iron_pickaxe":599,"minecraft:cobblestone":345,"minecraft:potion":1,"minecraft:dandelion":3,"minecraft:jukebox":5,"minecraft:iron_shovel":2292,"minecraft:polished_deepslate":1,"minecraft:oak_sign":1,"minecraft:polished_basalt":4,"minecraft:decorated_pot":3,"minecraft:shield":114,"minecraft:iron_sword":24,"minecraft:bell":1,"minecraft:iron_chestplate":3,"minecraft:nether_bricks":6,"minecraft:carrot":14,"minecraft:tuff":11,"minecraft:axolotl_bucket":1,"minecraft:honey_bottle":4,"minecraft:glass":112,"minecraft:waxed_oxidized_copper":1,"minecraft:waxed_oxidized_copper_grate":14,"minecraft:lantern":4,"minecraft:warped_nylium":1,"minecraft:iron_helmet":3,"minecraft:hopper_minecart":5,"minecraft:item_frame":41,"minecraft:gold_block":7,"minecraft:stone_pickaxe":42,"minecraft:oak_planks":82,"minecraft:diamond_axe":2843,"minecraft:sugar_cane":176,"minecraft:black_banner":4,"minecraft:cobbled_deepslate_stairs":72,"minecraft:polished_tuff":14,"minecraft:mace":4,"minecraft:bread":42,"minecraft:gravel":25,"minecraft:blackstone_slab":1,"minecraft:grindstone":1,"minecraft:andesite":42,"minecraft:bone_meal":90,"minecraft:waxed_copper_bulb":2,"minecraft:azalea":1,"minecraft:oak_fence":3,"minecraft:rose_bush":1,"minecraft:stone_hoe":514,"minecraft:cooked_chicken":20,"minecraft:dirt":1862,"minecraft:hopper":7,"minecraft:raw_iron_block":1,"minecraft:granite":29,"minecraft:iron_hoe":169,"minecraft:stone_brick_slab":1,"minecraft:bookshelf":1,"minecraft:red_candle":18,"minecraft:iron_boots":1,"minecraft:golden_carrot":4,"minecraft:waxed_cut_copper_slab":3,"minecraft:soul_soil":17,"minecraft:minecart":6,"minecraft:cooked_beef":15,"minecraft:iron_leggings":1,"minecraft:cooked_mutton":13,"minecraft:cobblestone_stairs":176,"minecraft:baked_potato":26,"minecraft:birch_boat":4,"minecraft:stonecutter":4,"minecraft:cobblestone_slab":4,"minecraft:waxed_copper_block":26,"minecraft:apple":2,"minecraft:cracked_polished_blackstone_bricks":16,"minecraft:stone_axe":42,"minecraft:fishing_rod":954,"minecraft:white_banner":4,"minecraft:bucket":201,"minecraft:yellow_bed":8,"minecraft:pumpkin_pie":142}},"DataVersion":3953}