{"stats":{"minecraft:dropped":{"minecraft:water_bucket":1,"minecraft:bread":4,"minecraft:iron_ingot":4,"minecraft:oak_log":9,"minecraft:crafting_table":1,"minecraft:cooked_porkchop":15,"minecraft:cobblestone":1,"minecraft:dirt":2,"minecraft:torch":12,"minecraft:iron_axe":3,"minecraft:raw_iron_block":1,"minecraft:iron_shovel":1,"minecraft:gravel":2,"minecraft:stone_axe":1,"minecraft:cooked_chicken":2,"minecraft:raw_copper":5,"minecraft:white_bed":1,"minecraft:oak_boat":1,"minecraft:spider_eye":2,"minecraft:stone_pickaxe":1,"minecraft:wooden_pickaxe":1},"minecraft:killed":{"minecraft:cave_spider":2,"minecraft:spider":4,"minecraft:skeleton":12,"minecraft:pig":7,"minecraft:sheep":6,"minecraft:zombie":15,"minecraft:cow":6},"minecraft:picked_up":{"minecraft:crafting_table":4,"minecraft:iron_chestplate":1,"minecraft:brewing_stand":2,"minecraft:shield":1,"minecraft:string":5,"minecraft:raw_copper":5,"minecraft:iron_axe":1,"minecraft:cobbled_deepslate":43,"minecraft:beef":11,"minecraft:oak_boat":1,"minecraft:azalea":1,"minecraft:sugar_cane":41,"minecraft:chest":5,"minecraft:birch_sapling":7,"minecraft:furnace":5,"minecraft:egg":1,"minecraft:raw_iron":89,"minecraft:stick":7,"minecraft:torch":6,"minecraft:porkchop":15,"minecraft:diorite":3,"minecraft:redstone":45,"minecraft:arrow":11,"minecraft:rotten_flesh":18,"minecraft:glow_berries":1,"minecraft:mutton":9,"minecraft:white_wool":6,"minecraft:cobblestone":61,"minecraft:birch_log":18,"minecraft:andesite":11,"minecraft:leather":7,"minecraft:potato":6,"minecraft:flint":2,"minecraft:tuff":8,"minecraft:oak_log":27,"minecraft:yellow_bed":8,"minecraft:lapis_lazuli":4,"minecraft:dirt":494,"minecraft:bone":8,"minecraft:apple":1,"minecraft:bow":1,"minecraft:stonecutter":2,"minecraft:wheat_seeds":23,"minecraft:raw_gold":45,"minecraft:iron_ingot":2,"minecraft:cooked_chicken":2,"minecraft:birch_boat":2,"minecraft:raw_iron_block":1,"minecraft:gravel":6,"minecraft:white_bed":28,"minecraft:spider_eye":2,"minecraft:diamond":18,"minecraft:iron_helmet":1,"minecraft:bread":4,"minecraft:oak_sapling":7,"minecraft:coal":35,"minecraft:hopper":2},"minecraft:mined":{"minecraft:white_bed":29,"minecraft:oak_sapling":5,"minecraft:deepslate_diamond_ore":18,"minecraft:brewing_stand":2,"minecraft:grass_block":259,"minecraft:hopper":2,"minecraft:moss_block":1,"minecraft:raw_iron_block":1,"minecraft:furnace":5,"minecraft:iron_ore":33,"minecraft:andesite":10,"minecraft:deepslate_iron_ore":57,"minecraft:azalea":1,"minecraft:stone":61,"minecraft:deepslate_redstone_ore":10,"minecraft:crafting_table":4,"minecraft:torch":4,"minecraft:short_grass":117,"minecraft:chest":5,"minecraft:tall_grass":1,"minecraft:copper_ore":1,"minecraft:cobblestone":4,"minecraft:deepslate_gold_ore":45,"minecraft:sugar_cane":20,"minecraft:oak_planks":1,"minecraft:diorite":2,"minecraft:birch_log":18,"minecraft:birch_leaves":69,"minecraft:yellow_bed":8,"minecraft:coal_ore":33,"minecraft:oak_log":27,"minecraft:dirt":172,"minecraft:gravel":8,"minecraft:stonecutter":2,"minecraft:gold_ore":2,"minecraft:oak_leaves":64,"minecraft:deepslate":31},"minecraft:custom":{"minecraft:mob_kills":52,"minecraft:interact_with_crafting_table":28,"minecraft:time_since_death":141625,"minecraft:climb_one_cm":2293,"minecraft:sprint_one_cm":363796,"minecraft:walk_one_cm":526961,"minecraft:damage_blocked_by_shield":861,"minecraft:drop":31,"minecraft:talked_to_villager":4,"minecraft:play_time":141625,"minecraft:sneak_time":2995,"minecraft:walk_under_water_one_cm":15970,"minecraft:boat_one_cm":243354,"minecraft:jump":2047,"minecraft:walk_on_water_one_cm":46424,"minecraft:total_world_time":141625,"minecraft:interact_with_furnace":51,"minecraft:interact_with_stonecutter":1,"minecraft:sleep_in_bed":8,"minecraft:time_since_rest":8225,"minecraft:damage_taken":1231,"minecraft:damage_dealt":8850,"minecraft:fly_one_cm":291752,"minecraft:swim_one_cm":7637,"minecraft:open_chest":56,"minecraft:crouch_one_cm":6036,"minecraft:fall_one_cm":37320,"minecraft:horse_one_cm":3231},"minecraft:broken":{"minecraft:iron_shovel":1,"minecraft:iron_pickaxe":1},"minecraft:crafted":{"minecraft:oak_planks":68,"minecraft:birch_boat":1,"minecraft:cooked_chicken":2,"minecraft:furnace":1,"minecraft:cooked_mutton":9,"minecraft:hopper":1,"minecraft:iron_axe":2,"minecraft:iron_hoe":1,"minecraft:stone_pickaxe":2,"minecraft:chest":3,"minecraft:cooked_beef":7,"minecraft:oak_slab":12,"minecraft:cooked_porkchop":15,"minecraft:crafting_table":2,"minecraft:wooden_pickaxe":1,"minecraft:fletching_table":1,"minecraft:bucket":3,"minecraft:birch_planks":72,"minecraft:stone_axe":2,"minecraft:air":0,"minecraft:diamond_pickaxe":1,"minecraft:stick":64,"minecraft:iron_ingot":42,"minecraft:iron_pickaxe":1,"minecraft:iron_shovel":4,"minecraft:white_bed":2,"minecraft:composter":1,"minecraft:torch":108},"minecraft:used":{"minecraft:azalea":1,"minecraft:iron_shovel":409,"minecraft:chest":7,"minecraft:shield":32,"minecraft:cooked_chicken":2,"minecraft:iron_chestplate":1,"minecraft:torch":106,"minecraft:dirt":481,"minecraft:hopper":3,"minecraft:axolotl_bucket":1,"minecraft:iron_hoe":116,"minecraft:iron_axe":117,"minecraft:iron_helmet":1,"minecraft:furnace":6,"minecraft:oak_sapling":7,"minecraft:egg":1,"minecraft:potato":13,"minecraft:cooked_beef":7,"minecraft:cobbled_deepslate":20,"minecraft:wheat_seeds":4,"minecraft:cooked_mutton":9,"minecraft:water_bucket":22,"minecraft:diorite":3,"minecraft:birch_planks":30,"minecraft:stone_pickaxe":42,"minecraft:birch_boat":3,"minecraft:wooden_pickaxe":15,"minecraft:composter":1,"minecraft:stonecutter":1,"minecraft:sugar_cane":33,"minecraft:crafting_table":5,"minecraft:white_bed":29,"minecraft:oak_log":1,"minecraft:diamond_pickaxe":25,"minecraft:bread":5,"minecraft:iron_pickaxe":246,"minecraft:gravel":4,"minecraft:stone_axe":42,"minecraft:cobblestone":32,"minecraft:bucket":26,"minecraft:andesite":1,"minecraft:yellow_bed":8,"minecraft:oak_boat":1}},"DataVersion":3953}