{"stats":{"minecraft:dropped":{"minecraft:water_bucket":1,"minecraft:iron_ingot":4,"minecraft:stone_axe":1,"minecraft:cooked_chicken":2,"minecraft:oak_log":9,"minecraft:crafting_table":1,"minecraft:cooked_porkchop":15,"minecraft:cobblestone":1,"minecraft:white_bed":1,"minecraft:dirt":2,"minecraft:torch":12,"minecraft:oak_boat":1,"minecraft:spider_eye":2,"minecraft:raw_iron_block":1,"minecraft:wooden_pickaxe":1,"minecraft:stone_pickaxe":1,"minecraft:gravel":2},"minecraft:killed":{"minecraft:cave_spider":2,"minecraft:pig":6,"minecraft:spider":4,"minecraft:skeleton":12,"minecraft:sheep":6,"minecraft:zombie":15,"minecraft:cow":5},"minecraft:picked_up":{"minecraft:birch_log":18,"minecraft:iron_chestplate":1,"minecraft:crafting_table":4,"minecraft:andesite":11,"minecraft:leather":6,"minecraft:potato":6,"minecraft:tuff":8,"minecraft:oak_log":16,"minecraft:shield":1,"minecraft:dirt":4,"minecraft:lapis_lazuli":4,"minecraft:string":5,"minecraft:bone":8,"minecraft:bow":1,"minecraft:cobbled_deepslate":43,"minecraft:raw_gold":45,"minecraft:oak_boat":1,"minecraft:iron_ingot":2,"minecraft:beef":9,"minecraft:cooked_chicken":2,"minecraft:azalea":1,"minecraft:sugar_cane":8,"minecraft:chest":3,"minecraft:birch_sapling":7,"minecraft:furnace":5,"minecraft:stick":4,"minecraft:raw_iron":89,"minecraft:birch_boat":2,"minecraft:torch":3,"minecraft:raw_iron_block":1,"minecraft:gravel":2,"minecraft:porkchop":13,"minecraft:diorite":3,"minecraft:white_bed":6,"minecraft:redstone":45,"minecraft:spider_eye":2,"minecraft:arrow":11,"minecraft:rotten_flesh":18,"minecraft:diamond":18,"minecraft:iron_helmet":1,"minecraft:oak_sapling":5,"minecraft:glow_berries":1,"minecraft:mutton":9,"minecraft:coal":35,"minecraft:white_wool":6,"minecraft:cobblestone":49},"minecraft:mined":{"minecraft:deepslate_redstone_ore":10,"minecraft:white_bed":6,"minecraft:deepslate_diamond_ore":18,"minecraft:crafting_table":4,"minecraft:torch":1,"minecraft:short_grass":1,"minecraft:grass_block":2,"minecraft:chest":3,"minecraft:cobblestone":4,"minecraft:deepslate_gold_ore":45,"minecraft:moss_block":1,"minecraft:oak_planks":1,"minecraft:sugar_cane":3,"minecraft:diorite":2,"minecraft:raw_iron_block":1,"minecraft:furnace":5,"minecraft:birch_log":18,"minecraft:iron_ore":33,"minecraft:birch_leaves":69,"minecraft:andesite":10,"minecraft:oak_log":16,"minecraft:coal_ore":33,"minecraft:deepslate_iron_ore":57,"minecraft:gravel":2,"minecraft:dirt":3,"minecraft:azalea":1,"minecraft:stone":49,"minecraft:gold_ore":2,"minecraft:deepslate":31,"minecraft:oak_leaves":57},"minecraft:custom":{"minecraft:interact_with_furnace":47,"minecraft:mob_kills":50,"minecraft:interact_with_crafting_table":18,"minecraft:time_since_death":93625,"minecraft:sleep_in_bed":5,"minecraft:climb_one_cm":1192,"minecraft:time_since_rest":1981,"minecraft:sprint_one_cm":183179,"minecraft:damage_taken":1131,"minecraft:walk_one_cm":339799,"minecraft:damage_blocked_by_shield":861,"minecraft:drop":21,"minecraft:damage_dealt":8650,"minecraft:swim_one_cm":6771,"minecraft:fly_one_cm":153174,"minecraft:open_chest":32,"minecraft:crouch_one_cm":5719,"minecraft:play_time":93625,"minecraft:sneak_time":2711,"minecraft:walk_under_water_one_cm":15957,"minecraft:boat_one_cm":214932,"minecraft:jump":1387,"minecraft:walk_on_water_one_cm":41729,"minecraft:total_world_time":93625,"minecraft:fall_one_cm":23440},"minecraft:broken":{"minecraft:iron_pickaxe":1},"minecraft:crafted":{"minecraft:cooked_beef":7,"minecraft:oak_planks":24,"minecraft:cooked_porkchop":15,"minecraft:crafting_table":2,"minecraft:wooden_pickaxe":1,"minecraft:birch_boat":1,"minecraft:cooked_chicken":2,"minecraft:furnace":1,"minecraft:bucket":2,"minecraft:birch_planks":72,"minecraft:stone_axe":2,"minecraft:cooked_mutton":9,"minecraft:air":0,"minecraft:diamond_pickaxe":1,"minecraft:stick":64,"minecraft:iron_ingot":12,"minecraft:iron_pickaxe":1,"minecraft:stone_pickaxe":2,"minecraft:chest":1,"minecraft:white_bed":2,"minecraft:torch":108},"minecraft:used":{"minecraft:cooked_mutton":9,"minecraft:water_bucket":13,"minecraft:diorite":3,"minecraft:birch_planks":30,"minecraft:stone_pickaxe":42,"minecraft:chest":2,"minecraft:shield":32,"minecraft:wooden_pickaxe":15,"minecraft:birch_boat":3,"minecraft:iron_chestplate":1,"minecraft:torch":99,"minecraft:crafting_table":4,"minecraft:white_bed":6,"minecraft:axolotl_bucket":1,"minecraft:oak_log":1,"minecraft:diamond_pickaxe":6,"minecraft:iron_axe":102,"minecraft:iron_pickaxe":246,"minecraft:iron_helmet":1,"minecraft:stone_axe":42,"minecraft:cobblestone":28,"minecraft:oak_sapling":5,"minecraft:furnace":3,"minecraft:andesite":1,"minecraft:bucket":16,"minecraft:oak_boat":1,"minecraft:cooked_beef":7,"minecraft:cobbled_deepslate":20,"minecraft:azalea":1}},"DataVersion":3953}