{"stats":{"minecraft:dropped":{"minecraft:soul_sand":14,"minecraft:diamond_axe":1,"minecraft:oak_log":165,"minecraft:diamond":1,"minecraft:crafting_table":1,"minecraft:cooked_porkchop":15,"minecraft:cracked_polished_blackstone_bricks":14,"minecraft:dirt":83,"minecraft:fishing_rod":4,"minecraft:cauldron":1,"minecraft:gravel":2,"minecraft:stone_axe":2,"minecraft:blackstone":4,"minecraft:cooked_chicken":2,"minecraft:obsidian":2,"minecraft:rotten_flesh":4,"minecraft:white_bed":1,"minecraft:poppy":2,"minecraft:chest":1,"minecraft:basalt":1,"minecraft:campfire":1,"minecraft:netherrack":4,"minecraft:iron_ingot":4,"minecraft:water_bucket":1,"minecraft:bread":4,"minecraft:wheat_seeds":2,"minecraft:cobblestone":1,"minecraft:tropical_fish":1,"minecraft:stick":12,"minecraft:pufferfish":7,"minecraft:torch":12,"minecraft:iron_leggings":1,"minecraft:iron_axe":4,"minecraft:raw_iron_block":1,"minecraft:iron_shovel":2,"minecraft:tripwire_hook":1,"minecraft:music_disc_cat":2,"minecraft:raw_copper":5,"minecraft:bowl":1,"minecraft:iron_boots":2,"minecraft:shield":1,"minecraft:diamond_chestplate":1,"minecraft:iron_chestplate":1,"minecraft:golden_leggings":1,"minecraft:oak_boat":1,"minecraft:spider_eye":2,"minecraft:stone_pickaxe":3,"minecraft:wooden_pickaxe":1,"minecraft:nautilus_shell":1},"minecraft:killed_by":{"minecraft:piglin_brute":2},"minecraft:killed":{"minecraft:cave_spider":2,"minecraft:spider":8,"minecraft:skeleton":21,"minecraft:piglin_brute":5,"minecraft:magma_cube":14,"minecraft:piglin":8,"minecraft:pig":7,"minecraft:creeper":2,"minecraft:sheep":6,"minecraft:pillager":4,"minecraft:zombie":29,"minecraft:cow":6},"minecraft:picked_up":{"minecraft:iron_chestplate":2,"minecraft:wheat":15,"minecraft:potion":1,"minecraft:gilded_blackstone":4,"minecraft:brewing_stand":5,"minecraft:string":9,"minecraft:music_disc_cat":3,"minecraft:soul_soil":7,"minecraft:raw_copper":5,"minecraft:cooked_salmon":20,"minecraft:iron_leggings":1,"minecraft:pufferfish":13,"minecraft:gold_nugget":3,"minecraft:cobbled_deepslate":50,"minecraft:azalea":1,"minecraft:iron_boots":1,"minecraft:furnace":5,"minecraft:stick":67,"minecraft:jukebox":1,"minecraft:torch":16,"minecraft:porkchop":15,"minecraft:diorite":3,"minecraft:cauldron":2,"minecraft:rotten_flesh":33,"minecraft:tropical_fish":1,"minecraft:blackstone_stairs":1,"minecraft:cod":69,"minecraft:cobblestone":68,"minecraft:nautilus_shell":1,"minecraft:birch_log":18,"minecraft:andesite":11,"minecraft:golden_leggings":1,"minecraft:potato":6,"minecraft:flint":2,"minecraft:tuff":8,"minecraft:lapis_lazuli":4,"minecraft:dirt":639,"minecraft:lantern":3,"minecraft:bone":15,"minecraft:stonecutter":3,"minecraft:bow":3,"minecraft:wheat_seeds":72,"minecraft:raw_gold":45,"minecraft:bell":1,"minecraft:grindstone":2,"minecraft:fletching_table":2,"minecraft:oak_planks":23,"minecraft:chiseled_polished_blackstone":1,"minecraft:sand":3,"minecraft:diamond":18,"minecraft:cracked_polished_blackstone_bricks":40,"minecraft:golden_apple":5,"minecraft:bread":45,"minecraft:oak_sapling":136,"minecraft:netherrack":22,"minecraft:charcoal":2,"minecraft:fishing_rod":5,"minecraft:crafting_table":5,"minecraft:ominous_bottle":1,"minecraft:gold_block":11,"minecraft:shield":2,"minecraft:iron_axe":1,"minecraft:flint_and_steel":1,"minecraft:iron_shovel":1,"minecraft:blackstone":7,"minecraft:beef":11,"minecraft:oak_boat":1,"minecraft:poppy":9,"minecraft:sugar_cane":196,"minecraft:chest":8,"minecraft:birch_sapling":7,"minecraft:egg":3,"minecraft:raw_iron":89,"minecraft:bowl":1,"minecraft:polished_blackstone_bricks":60,"minecraft:redstone":45,"minecraft:arrow":48,"minecraft:diamond_chestplate":1,"minecraft:cooked_cod":32,"minecraft:glow_berries":1,"minecraft:mutton":14,"minecraft:white_wool":6,"minecraft:stripped_oak_log":1,"minecraft:basalt":6,"minecraft:tripwire_hook":1,"minecraft:salmon":31,"minecraft:leather":9,"minecraft:oak_log":351,"minecraft:yellow_bed":8,"minecraft:gunpowder":2,"minecraft:white_banner":1,"minecraft:cooked_mutton":4,"minecraft:apple":13,"minecraft:stone_pickaxe":1,"minecraft:iron_ingot":2,"minecraft:cooked_chicken":2,"minecraft:soul_sand":9,"minecraft:oak_slab":69,"minecraft:birch_boat":2,"minecraft:dandelion":13,"minecraft:raw_iron_block":1,"minecraft:gravel":6,"minecraft:blast_furnace":3,"minecraft:white_bed":32,"minecraft:spider_eye":2,"minecraft:campfire":1,"minecraft:iron_helmet":3,"minecraft:diamond_axe":4,"minecraft:coal":35,"minecraft:hopper":2},"minecraft:mined":{"minecraft:white_bed":33,"minecraft:oak_sapling":14,"minecraft:brewing_stand":3,"minecraft:chiseled_polished_blackstone":1,"minecraft:grass_block":304,"minecraft:cracked_polished_blackstone_bricks":19,"minecraft:soul_soil":7,"minecraft:hopper":2,"minecraft:gilded_blackstone":2,"minecraft:polished_blackstone_bricks":28,"minecraft:raw_iron_block":1,"minecraft:iron_ore":33,"minecraft:cobbled_deepslate":8,"minecraft:fletching_table":2,"minecraft:water_cauldron":1,"minecraft:azalea":1,"minecraft:deepslate_redstone_ore":10,"minecraft:blackstone":3,"minecraft:soul_fire":19,"minecraft:torch":6,"minecraft:blast_furnace":2,"minecraft:poppy":7,"minecraft:chest":8,"minecraft:cobblestone":4,"minecraft:sugar_cane":105,"minecraft:grindstone":1,"minecraft:oak_planks":2,"minecraft:wall_torch":7,"minecraft:cauldron":1,"minecraft:birch_log":18,"minecraft:wheat":15,"minecraft:oak_log":351,"minecraft:sand":3,"minecraft:dirt":195,"minecraft:stonecutter":2,"minecraft:netherrack":18,"minecraft:oak_leaves":179,"minecraft:deepslate":31,"minecraft:deepslate_diamond_ore":18,"minecraft:moss_block":1,"minecraft:furnace":5,"minecraft:andesite":10,"minecraft:gold_block":8,"minecraft:bell":1,"minecraft:deepslate_iron_ore":57,"minecraft:lantern":2,"minecraft:stripped_oak_log":1,"minecraft:stone":68,"minecraft:oak_slab":52,"minecraft:soul_sand":5,"minecraft:basalt":5,"minecraft:dandelion":13,"minecraft:crafting_table":4,"minecraft:short_grass":163,"minecraft:campfire":1,"minecraft:tall_grass":2,"minecraft:copper_ore":1,"minecraft:deepslate_gold_ore":45,"minecraft:diorite":2,"minecraft:birch_leaves":69,"minecraft:yellow_bed":8,"minecraft:coal_ore":33,"minecraft:gravel":8,"minecraft:gold_ore":2},"minecraft:custom":{"minecraft:interact_with_crafting_table":62,"minecraft:bell_ring":13,"minecraft:leave_game":1,"minecraft:time_since_death":43858,"minecraft:sprint_one_cm":881638,"minecraft:damage_blocked_by_shield":1025,"minecraft:drop":111,"minecraft:talked_to_villager":28,"minecraft:play_time":371542,"minecraft:deaths":3,"minecraft:jump":4280,"minecraft:interact_with_brewingstand":2,"minecraft:walk_on_water_one_cm":65172,"minecraft:interact_with_furnace":57,"minecraft:play_record":2,"minecraft:traded_with_villager":78,"minecraft:sleep_in_bed":19,"minecraft:damage_dealt":15008,"minecraft:player_kills":1,"minecraft:crouch_one_cm":47345,"minecraft:use_cauldron":1,"minecraft:horse_one_cm":4325,"minecraft:interact_with_anvil":1,"minecraft:mob_kills":114,"minecraft:fill_cauldron":2,"minecraft:interact_with_campfire":28,"minecraft:climb_one_cm":13582,"minecraft:walk_one_cm":1106898,"minecraft:sneak_time":16639,"minecraft:walk_under_water_one_cm":27485,"minecraft:boat_one_cm":243354,"minecraft:total_world_time":371542,"minecraft:interact_with_stonecutter":6,"minecraft:time_since_rest":11551,"minecraft:damage_taken":3211,"minecraft:swim_one_cm":23972,"minecraft:fly_one_cm":668758,"minecraft:open_chest":147,"minecraft:fish_caught":117,"minecraft:fall_one_cm":84875},"minecraft:broken":{"minecraft:iron_shovel":1,"minecraft:fishing_rod":2,"minecraft:iron_axe":1,"minecraft:iron_pickaxe":1},"minecraft:used":{"minecraft:iron_shovel":451,"minecraft:polished_deepslate":1,"minecraft:chiseled_deepslate":1,"minecraft:poppy":8,"minecraft:ladder":6,"minecraft:chest":10,"minecraft:shield":37,"minecraft:iron_sword":24,"minecraft:bell":1,"minecraft:iron_chestplate":2,"minecraft:axolotl_bucket":1,"minecraft:lava_bucket":5,"minecraft:lantern":4,"minecraft:iron_helmet":3,"minecraft:bow":92,"minecraft:furnace":6,"minecraft:oak_sapling":136,"minecraft:cooked_cod":21,"minecraft:gold_block":7,"minecraft:egg":2,"minecraft:potato":13,"minecraft:diorite":3,"minecraft:stone_pickaxe":42,"minecraft:blackstone_stairs":1,"minecraft:oak_planks":60,"minecraft:blackstone":3,"minecraft:wooden_pickaxe":15,"minecraft:composter":1,"minecraft:diamond_axe":251,"minecraft:sugar_cane":171,"minecraft:blast_furnace":2,"minecraft:deepslate_tiles":1,"minecraft:bread":13,"minecraft:gravel":4,"minecraft:blackstone_slab":1,"minecraft:pufferfish":1,"minecraft:grindstone":1,"minecraft:andesite":1,"minecraft:oak_boat":1,"minecraft:azalea":1,"minecraft:oak_trapdoor":2,"minecraft:oak_fence":3,"minecraft:cooked_salmon":1,"minecraft:cooked_chicken":2,"minecraft:netherrack":18,"minecraft:torch":124,"minecraft:brewing_stand":2,"minecraft:dirt":618,"minecraft:anvil":1,"minecraft:hopper":3,"minecraft:raw_iron_block":1,"minecraft:iron_hoe":169,"minecraft:stone_brick_slab":1,"minecraft:iron_axe":318,"minecraft:iron_boots":1,"minecraft:basalt":6,"minecraft:soul_soil":7,"minecraft:cooked_beef":7,"minecraft:cobbled_deepslate":23,"minecraft:iron_leggings":1,"minecraft:wheat_seeds":69,"minecraft:cooked_mutton":13,"minecraft:water_bucket":27,"minecraft:birch_planks":30,"minecraft:birch_boat":3,"minecraft:cauldron":2,"minecraft:fletching_table":3,"minecraft:stonecutter":2,"minecraft:deepslate_bricks":1,"minecraft:polished_blackstone_bricks":34,"minecraft:crafting_table":6,"minecraft:oak_slab":317,"minecraft:campfire":2,"minecraft:white_bed":33,"minecraft:oak_log":1,"minecraft:diamond_pickaxe":129,"minecraft:apple":2,"minecraft:cracked_polished_blackstone_bricks":16,"minecraft:iron_pickaxe":252,"minecraft:stone_axe":42,"minecraft:fishing_rod":155,"minecraft:cobblestone":32,"minecraft:white_banner":1,"minecraft:bucket":35,"minecraft:yellow_bed":8,"minecraft:dandelion":3,"minecraft:jukebox":1},"minecraft:crafted":{"minecraft:oak_planks":1028,"minecraft:birch_boat":1,"minecraft:cooked_chicken":2,"minecraft:cooked_mutton":9,"minecraft:hopper":1,"minecraft:bow":5,"minecraft:iron_boots":3,"minecraft:chest":4,"minecraft:oak_fence":3,"minecraft:oak_slab":348,"minecraft:arrow":336,"minecraft:emerald":47,"minecraft:cauldron":1,"minecraft:cooked_porkchop":15,"minecraft:crafting_table":3,"minecraft:wooden_pickaxe":1,"minecraft:gold_block":4,"minecraft:fletching_table":1,"minecraft:birch_planks":72,"minecraft:campfire":4,"minecraft:diamond_pickaxe":1,"minecraft:chiseled_deepslate":1,"minecraft:shield":1,"minecraft:stick":1508,"minecraft:iron_ingot":109,"minecraft:iron_pickaxe":2,"minecraft:iron_block":3,"minecraft:composter":1,"minecraft:deepslate_bricks":1,"minecraft:fishing_rod":3,"minecraft:iron_nugget":9,"minecraft:furnace":1,"minecraft:oak_trapdoor":2,"minecraft:lantern":1,"minecraft:polished_deepslate":1,"minecraft:iron_axe":3,"minecraft:ladder":6,"minecraft:iron_hoe":1,"minecraft:stone_pickaxe":2,"minecraft:cooked_beef":7,"minecraft:crossbow":5,"minecraft:iron_sword":1,"minecraft:bucket":3,"minecraft:stone_axe":2,"minecraft:deepslate_tiles":1,"minecraft:air":0,"minecraft:bread":5,"minecraft:iron_shovel":4,"minecraft:iron_leggings":2,"minecraft:anvil":1,"minecraft:white_bed":2,"minecraft:torch":108}},"DataVersion":3953}