{"stats":{"minecraft:used":{"minecraft:chiseled_deepslate":1,"minecraft:polished_deepslate":1,"minecraft:iron_shovel":2239,"minecraft:ladder":6,"minecraft:poppy":8,"minecraft:shield":42,"minecraft:chest":21,"minecraft:iron_sword":24,"minecraft:bell":1,"minecraft:iron_chestplate":2,"minecraft:soul_sand":80,"minecraft:carrot":13,"minecraft:tuff":11,"minecraft:axolotl_bucket":1,"minecraft:glass":64,"minecraft:jungle_sapling":12,"minecraft:lava_bucket":5,"minecraft:lantern":4,"minecraft:iron_helmet":3,"minecraft:hopper_minecart":5,"minecraft:item_frame":38,"minecraft:bow":419,"minecraft:oak_sapling":158,"minecraft:furnace":6,"minecraft:cooked_cod":32,"minecraft:gold_block":7,"minecraft:egg":5,"minecraft:potato":469,"minecraft:diorite":9,"minecraft:oak_planks":81,"minecraft:stone_pickaxe":42,"minecraft:blackstone_stairs":1,"minecraft:blackstone":3,"minecraft:wooden_pickaxe":15,"minecraft:composter":7,"minecraft:diamond_axe":1071,"minecraft:sugar_cane":176,"minecraft:sand":1,"minecraft:blast_furnace":4,"minecraft:black_banner":4,"minecraft:cobbled_deepslate_stairs":72,"minecraft:deepslate_tiles":1,"minecraft:bread":27,"minecraft:lectern":1,"minecraft:gravel":23,"minecraft:pufferfish":1,"minecraft:blackstone_slab":1,"minecraft:grindstone":1,"minecraft:smithing_table":1,"minecraft:andesite":1,"minecraft:oak_boat":3,"minecraft:bone_meal":90,"minecraft:oak_fence":3,"minecraft:azalea":1,"minecraft:oak_trapdoor":6,"minecraft:enchanting_table":2,"minecraft:cooked_salmon":1,"minecraft:stone_hoe":514,"minecraft:cooked_chicken":2,"minecraft:netherrack":18,"minecraft:torch":340,"minecraft:brewing_stand":2,"minecraft:dirt":1786,"minecraft:anvil":2,"minecraft:hopper":7,"minecraft:raw_iron_block":1,"minecraft:granite":14,"minecraft:iron_hoe":169,"minecraft:stone_brick_slab":1,"minecraft:bookshelf":1,"minecraft:iron_axe":318,"minecraft:jungle_log":7,"minecraft:iron_boots":1,"minecraft:barrel":1,"minecraft:melon_seeds":3,"minecraft:basalt":7,"minecraft:soul_soil":15,"minecraft:minecart":6,"minecraft:cooked_beef":7,"minecraft:cobbled_deepslate":63,"minecraft:iron_leggings":1,"minecraft:wheat_seeds":398,"minecraft:cooked_mutton":13,"minecraft:water_bucket":40,"minecraft:cobblestone_stairs":176,"minecraft:birch_planks":30,"minecraft:cartography_table":1,"minecraft:birch_boat":4,"minecraft:cauldron":2,"minecraft:fletching_table":5,"minecraft:stonecutter":2,"minecraft:cobblestone_slab":4,"minecraft:deepslate_bricks":1,"minecraft:polished_blackstone_bricks":34,"minecraft:rail":227,"minecraft:crafting_table":10,"minecraft:oak_slab":317,"minecraft:white_bed":36,"minecraft:campfire":2,"minecraft:cake":1,"minecraft:oak_log":1,"minecraft:diamond_pickaxe":2781,"minecraft:apple":2,"minecraft:cracked_polished_blackstone_bricks":16,"minecraft:iron_pickaxe":599,"minecraft:suspicious_stew":4,"minecraft:stone_axe":42,"minecraft:fishing_rod":638,"minecraft:cobblestone":66,"minecraft:white_banner":2,"minecraft:bucket":53,"minecraft:pumpkin_pie":54,"minecraft:yellow_bed":8,"minecraft:dandelion":3,"minecraft:jukebox":1},"minecraft:picked_up":{"minecraft:iron_chestplate":2,"minecraft:wheat":162,"minecraft:anvil":1,"minecraft:smithing_table":1,"minecraft:lead":3,"minecraft:diamond_sword":1,"minecraft:potion":9,"minecraft:enchanted_book":5,"minecraft:gilded_blackstone":4,"minecraft:brewing_stand":5,"minecraft:music_disc_cat":4,"minecraft:string":38,"minecraft:raw_copper":5,"minecraft:soul_soil":15,"minecraft:cooked_salmon":20,"minecraft:iron_leggings":1,"minecraft:pufferfish":60,"minecraft:diamond_leggings":1,"minecraft:gold_nugget":3,"minecraft:cobbled_deepslate":1756,"minecraft:azalea":1,"minecraft:netherite_upgrade_smithing_template":1,"minecraft:iron_pickaxe":2,"minecraft:melon_slice":63,"minecraft:iron_boots":1,"minecraft:furnace":5,"minecraft:golden_helmet":1,"minecraft:stick":597,"minecraft:jukebox":1,"minecraft:composter":2,"minecraft:torch":77,"minecraft:porkchop":15,"minecraft:diorite":22,"minecraft:pointed_dripstone":64,"minecraft:music_disc_pigstep":2,"minecraft:cauldron":2,"minecraft:rotten_flesh":82,"minecraft:tropical_fish":9,"minecraft:blackstone_stairs":1,"minecraft:cod":301,"minecraft:cobblestone":571,"minecraft:nautilus_shell":7,"minecraft:enchanting_table":1,"minecraft:birch_log":18,"minecraft:water_bucket":1,"minecraft:andesite":62,"minecraft:jungle_log":151,"minecraft:golden_leggings":3,"minecraft:potato":424,"minecraft:flint":7,"minecraft:tuff":273,"minecraft:map":1,"minecraft:lapis_lazuli":73,"minecraft:dirt":2431,"minecraft:lantern":3,"minecraft:name_tag":3,"minecraft:bone":25,"minecraft:stonecutter":3,"minecraft:bow":10,"minecraft:wheat_seeds":521,"minecraft:raw_gold":75,"minecraft:bell":1,"minecraft:grindstone":2,"minecraft:diamond_helmet":2,"minecraft:fletching_table":2,"minecraft:stone_hoe":1,"minecraft:oak_planks":106,"minecraft:chiseled_polished_blackstone":1,"minecraft:poisonous_potato":2,"minecraft:sand":135,"minecraft:ink_sac":2,"minecraft:diamond":36,"minecraft:cracked_polished_blackstone_bricks":40,"minecraft:granite":14,"minecraft:golden_apple":6,"minecraft:emerald":2,"minecraft:chainmail_helmet":1,"minecraft:bread":70,"minecraft:oak_sapling":279,"minecraft:netherrack":33,"minecraft:fishing_rod":9,"minecraft:charcoal":2,"minecraft:crafting_table":5,"minecraft:ominous_bottle":1,"minecraft:splash_potion":1,"minecraft:gold_block":11,"minecraft:shield":2,"minecraft:iron_axe":2,"minecraft:flint_and_steel":1,"minecraft:item_frame":18,"minecraft:iron_shovel":5,"minecraft:blackstone":7,"minecraft:beef":11,"minecraft:oak_boat":3,"minecraft:jungle_sapling":11,"minecraft:poppy":9,"minecraft:minecart":6,"minecraft:sugar_cane":1103,"minecraft:chest":9,"minecraft:birch_sapling":7,"minecraft:egg":4,"minecraft:raw_iron":96,"minecraft:oak_door":1,"minecraft:bowl":4,"minecraft:polished_blackstone_bricks":60,"minecraft:cookie":2,"minecraft:carrot":13,"minecraft:redstone":202,"minecraft:arrow":194,"minecraft:diamond_chestplate":3,"minecraft:cooked_cod":33,"minecraft:pumpkin_pie":64,"minecraft:diamond_boots":1,"minecraft:saddle":4,"minecraft:glow_berries":1,"minecraft:mutton":14,"minecraft:bone_block":75,"minecraft:rail":201,"minecraft:white_wool":6,"minecraft:oxeye_daisy":1,"minecraft:stripped_oak_log":1,"minecraft:basalt":7,"minecraft:tripwire_hook":5,"minecraft:salmon":135,"minecraft:leather":36,"minecraft:oak_log":894,"minecraft:lily_pad":11,"minecraft:golden_boots":1,"minecraft:yellow_bed":8,"minecraft:gunpowder":13,"minecraft:cobblestone_stairs":4,"minecraft:wooden_hoe":1,"minecraft:paper":1,"minecraft:white_banner":2,"minecraft:cooked_mutton":4,"minecraft:stone_bricks":1,"minecraft:apple":39,"minecraft:iron_ingot":6,"minecraft:stone_pickaxe":1,"minecraft:cooked_chicken":2,"minecraft:iron_sword":1,"minecraft:soul_sand":80,"minecraft:book":1,"minecraft:oak_slab":69,"minecraft:birch_boat":3,"minecraft:dandelion":18,"minecraft:raw_iron_block":1,"minecraft:gravel":37,"minecraft:spruce_sapling":10,"minecraft:blast_furnace":5,"minecraft:white_bed":36,"minecraft:spruce_log":96,"minecraft:crying_obsidian":12,"minecraft:spider_eye":3,"minecraft:diamond_shovel":1,"minecraft:stone_axe":1,"minecraft:campfire":1,"minecraft:chainmail_leggings":2,"minecraft:iron_helmet":3,"minecraft:diamond_axe":6,"minecraft:coal":64,"minecraft:hopper":2,"minecraft:ender_pearl":8},"minecraft:dropped":{"minecraft:soul_sand":14,"minecraft:diamond_axe":2,"minecraft:oak_log":165,"minecraft:diamond":1,"minecraft:crafting_table":1,"minecraft:cooked_porkchop":15,"minecraft:cracked_stone_bricks":1,"minecraft:cracked_polished_blackstone_bricks":15,"minecraft:dirt":93,"minecraft:pumpkin_pie":80,"minecraft:sand":5,"minecraft:iron_pickaxe":2,"minecraft:fishing_rod":6,"minecraft:cauldron":1,"minecraft:gravel":2,"minecraft:chiseled_polished_blackstone":1,"minecraft:stone_axe":2,"minecraft:blackstone":8,"minecraft:cobbled_deepslate":2,"minecraft:cooked_chicken":2,"minecraft:obsidian":2,"minecraft:rotten_flesh":5,"minecraft:oak_planks":64,"minecraft:white_bed":2,"minecraft:poppy":2,"minecraft:chest":1,"minecraft:basalt":2,"minecraft:arrow":192,"minecraft:campfire":1,"minecraft:stone_brick_stairs":1,"minecraft:netherrack":5,"minecraft:enchanted_book":1,"minecraft:water_bucket":1,"minecraft:iron_ingot":4,"minecraft:bread":4,"minecraft:wheat_seeds":30,"minecraft:diamond_leggings":1,"minecraft:poisonous_potato":2,"minecraft:cobblestone":90,"minecraft:tropical_fish":1,"minecraft:stick":268,"minecraft:pufferfish":9,"minecraft:ink_sac":2,"minecraft:wooden_hoe":1,"minecraft:torch":12,"minecraft:brown_wool":1,"minecraft:diamond_helmet":1,"minecraft:potion":2,"minecraft:iron_leggings":1,"minecraft:iron_axe":4,"minecraft:raw_iron_block":1,"minecraft:iron_shovel":8,"minecraft:string":1,"minecraft:tripwire_hook":1,"minecraft:stone_brick_slab":1,"minecraft:music_disc_cat":2,"minecraft:dandelion":5,"minecraft:soul_soil":1,"minecraft:raw_copper":5,"minecraft:bowl":6,"minecraft:light_gray_wool":1,"minecraft:iron_boots":2,"minecraft:name_tag":1,"minecraft:suspicious_stew":3,"minecraft:potato":20,"minecraft:shield":3,"minecraft:diamond_chestplate":2,"minecraft:diamond_pickaxe":1,"minecraft:iron_chestplate":1,"minecraft:andesite":2,"minecraft:mossy_stone_bricks":1,"minecraft:golden_leggings":1,"minecraft:oak_boat":1,"minecraft:oak_sapling":1,"minecraft:spider_eye":4,"minecraft:diamond_boots":2,"minecraft:bow":4,"minecraft:stone_pickaxe":3,"minecraft:wooden_pickaxe":1,"minecraft:nautilus_shell":1},"minecraft:killed":{"minecraft:cave_spider":2,"minecraft:spider":11,"minecraft:skeleton":33,"minecraft:piglin_brute":8,"minecraft:magma_cube":14,"minecraft:piglin":8,"minecraft:pig":7,"minecraft:creeper":12,"minecraft:sheep":6,"minecraft:pillager":22,"minecraft:zombie":67,"minecraft:cow":6,"minecraft:vindicator":5,"minecraft:phantom":3,"minecraft:ravager":4},"minecraft:custom":{"minecraft:animals_bred":2,"minecraft:interact_with_crafting_table":120,"minecraft:open_barrel":42,"minecraft:bell_ring":13,"minecraft:eat_cake_slice":7,"minecraft:leave_game":6,"minecraft:time_since_death":424969,"minecraft:sprint_one_cm":2272295,"minecraft:damage_blocked_by_shield":1213,"minecraft:drop":337,"minecraft:talked_to_villager":212,"minecraft:play_time":1051079,"minecraft:deaths":5,"minecraft:jump":10052,"minecraft:interact_with_brewingstand":5,"minecraft:walk_on_water_one_cm":104205,"minecraft:enchant_item":2,"minecraft:interact_with_furnace":93,"minecraft:play_record":4,"minecraft:traded_with_villager":601,"minecraft:interact_with_cartography_table":1,"minecraft:sleep_in_bed":31,"minecraft:damage_dealt":25591,"minecraft:player_kills":1,"minecraft:crouch_one_cm":105780,"minecraft:use_cauldron":1,"minecraft:horse_one_cm":4325,"minecraft:interact_with_anvil":12,"minecraft:mob_kills":212,"minecraft:fill_cauldron":2,"minecraft:interact_with_campfire":28,"minecraft:climb_one_cm":66952,"minecraft:walk_one_cm":2642082,"minecraft:raid_win":3,"minecraft:sneak_time":35461,"minecraft:walk_under_water_one_cm":43182,"minecraft:boat_one_cm":245855,"minecraft:interact_with_blast_furnace":5,"minecraft:total_world_time":1051079,"minecraft:interact_with_stonecutter":6,"minecraft:interact_with_grindstone":3,"minecraft:time_since_rest":119434,"minecraft:damage_taken":5813,"minecraft:swim_one_cm":52909,"minecraft:fly_one_cm":1710020,"minecraft:open_chest":846,"minecraft:fish_caught":500,"minecraft:fall_one_cm":212565},"minecraft:mined":{"minecraft:white_bed":37,"minecraft:oak_sapling":17,"minecraft:cobblestone_stairs":4,"minecraft:jungle_leaves":181,"minecraft:brewing_stand":3,"minecraft:granite":14,"minecraft:chiseled_polished_blackstone":1,"minecraft:grass_block":1049,"minecraft:jungle_log":94,"minecraft:cracked_polished_blackstone_bricks":19,"minecraft:soul_soil":8,"minecraft:composter":1,"minecraft:hopper":2,"minecraft:gilded_blackstone":2,"minecraft:polished_blackstone_bricks":28,"minecraft:raw_iron_block":1,"minecraft:iron_ore":33,"minecraft:cobbled_deepslate":16,"minecraft:fire":1,"minecraft:deepslate_lapis_ore":7,"minecraft:fletching_table":2,"minecraft:anvil":1,"minecraft:enchanting_table":1,"minecraft:pointed_dripstone":30,"minecraft:water_cauldron":1,"minecraft:dirt_path":15,"minecraft:azalea":1,"minecraft:deepslate_redstone_ore":44,"minecraft:blackstone":3,"minecraft:soul_fire":83,"minecraft:torch":15,"minecraft:blast_furnace":4,"minecraft:poppy":7,"minecraft:melon":12,"minecraft:chest":9,"minecraft:cobblestone":28,"minecraft:grindstone":1,"minecraft:sugar_cane":575,"minecraft:oak_planks":21,"minecraft:wall_torch":14,"minecraft:cauldron":1,"minecraft:birch_log":18,"minecraft:wheat":167,"minecraft:oak_log":892,"minecraft:sand":133,"minecraft:dirt":1120,"minecraft:stonecutter":2,"minecraft:netherrack":19,"minecraft:oak_leaves":378,"minecraft:deepslate":1742,"minecraft:tuff":269,"minecraft:deepslate_diamond_ore":36,"minecraft:moss_block":1,"minecraft:furnace":5,"minecraft:carrots":3,"minecraft:andesite":61,"minecraft:gold_block":8,"minecraft:bell":1,"minecraft:potatoes":91,"minecraft:deepslate_iron_ore":64,"minecraft:rail":200,"minecraft:lantern":2,"minecraft:stripped_oak_log":1,"minecraft:stone":547,"minecraft:bone_block":54,"minecraft:smithing_table":1,"minecraft:oak_slab":52,"minecraft:soul_sand":19,"minecraft:basalt":6,"minecraft:dandelion":14,"minecraft:crafting_table":4,"minecraft:short_grass":229,"minecraft:campfire":1,"minecraft:copper_ore":1,"minecraft:tall_grass":24,"minecraft:lapis_ore":3,"minecraft:deepslate_gold_ore":75,"minecraft:diorite":21,"minecraft:birch_leaves":69,"minecraft:yellow_bed":8,"minecraft:coal_ore":62,"minecraft:gravel":44,"minecraft:gold_ore":2},"minecraft:killed_by":{"minecraft:piglin_brute":2},"minecraft:crafted":{"minecraft:oak_planks":2968,"minecraft:cobblestone_slab":6,"minecraft:barrel":1,"minecraft:birch_boat":1,"minecraft:cooked_chicken":2,"minecraft:cobblestone_stairs":172,"minecraft:bookshelf":2,"minecraft:cooked_mutton":9,"minecraft:suspicious_stew":10,"minecraft:cake":1,"minecraft:glass":106,"minecraft:hopper":9,"minecraft:bow":5,"minecraft:iron_boots":13,"minecraft:chest":22,"minecraft:stone_hoe":10,"minecraft:oak_fence":3,"minecraft:item_frame":20,"minecraft:oak_slab":348,"minecraft:arrow":816,"minecraft:emerald":436,"minecraft:cauldron":1,"minecraft:cooked_porkchop":15,"minecraft:diamond_axe":3,"minecraft:map":1,"minecraft:crafting_table":7,"minecraft:wooden_pickaxe":1,"minecraft:chainmail_chestplate":6,"minecraft:fletching_table":3,"minecraft:gold_block":4,"minecraft:hopper_minecart":4,"minecraft:birch_planks":72,"minecraft:campfire":4,"minecraft:cartography_table":1,"minecraft:lectern":1,"minecraft:diamond_pickaxe":3,"minecraft:book":15,"minecraft:paper":1086,"minecraft:charcoal":58,"minecraft:chiseled_deepslate":1,"minecraft:shield":3,"minecraft:stick":4636,"minecraft:iron_ingot":242,"minecraft:compass":8,"minecraft:iron_pickaxe":3,"minecraft:iron_block":3,"minecraft:composter":5,"minecraft:deepslate_bricks":1,"minecraft:cookie":144,"minecraft:fishing_rod":5,"minecraft:iron_nugget":9,"minecraft:furnace":1,"minecraft:bone_meal":90,"minecraft:oak_trapdoor":6,"minecraft:glass_pane":112,"minecraft:lantern":1,"minecraft:polished_deepslate":1,"minecraft:iron_axe":3,"minecraft:ladder":6,"minecraft:iron_hoe":1,"minecraft:stone_pickaxe":2,"minecraft:diamond_boots":1,"minecraft:cobbled_deepslate_stairs":84,"minecraft:jungle_sapling":1,"minecraft:minecart":5,"minecraft:cooked_beef":8,"minecraft:crossbow":5,"minecraft:enchanting_table":1,"minecraft:iron_sword":1,"minecraft:black_banner":4,"minecraft:bucket":4,"minecraft:deepslate_tiles":1,"minecraft:stone_axe":2,"minecraft:air":0,"minecraft:bread":5,"minecraft:jungle_planks":76,"minecraft:iron_shovel":14,"minecraft:iron_leggings":2,"minecraft:anvil":1,"minecraft:white_bed":2,"minecraft:pumpkin_pie":152,"minecraft:torch":316},"minecraft:broken":{"minecraft:iron_shovel":8,"minecraft:fishing_rod":6,"minecraft:stone_hoe":3,"minecraft:iron_axe":1,"minecraft:iron_pickaxe":2,"minecraft:iron_helmet":1}},"DataVersion":3953}