{"stats":{"minecraft:dropped":{"minecraft:water_bucket":1,"minecraft:iron_ingot":4,"minecraft:bread":4,"minecraft:oak_log":165,"minecraft:diamond":1,"minecraft:crafting_table":1,"minecraft:cooked_porkchop":15,"minecraft:cobblestone":1,"minecraft:tropical_fish":1,"minecraft:pufferfish":7,"minecraft:stick":12,"minecraft:dirt":62,"minecraft:torch":12,"minecraft:iron_leggings":1,"minecraft:iron_axe":4,"minecraft:raw_iron_block":1,"minecraft:iron_shovel":1,"minecraft:fishing_rod":4,"minecraft:tripwire_hook":1,"minecraft:music_disc_cat":2,"minecraft:gravel":2,"minecraft:stone_axe":2,"minecraft:cooked_chicken":2,"minecraft:raw_copper":5,"minecraft:bowl":1,"minecraft:rotten_flesh":4,"minecraft:iron_boots":2,"minecraft:white_bed":1,"minecraft:shield":1,"minecraft:iron_chestplate":1,"minecraft:oak_boat":1,"minecraft:spider_eye":2,"minecraft:campfire":1,"minecraft:stone_pickaxe":2,"minecraft:wooden_pickaxe":1,"minecraft:nautilus_shell":1},"minecraft:killed":{"minecraft:cave_spider":2,"minecraft:spider":6,"minecraft:skeleton":15,"minecraft:pig":7,"minecraft:creeper":1,"minecraft:sheep":6,"minecraft:pillager":4,"minecraft:zombie":27,"minecraft:cow":6},"minecraft:picked_up":{"minecraft:fishing_rod":5,"minecraft:iron_chestplate":1,"minecraft:crafting_table":4,"minecraft:wheat":15,"minecraft:ominous_bottle":1,"minecraft:potion":1,"minecraft:brewing_stand":4,"minecraft:shield":1,"minecraft:music_disc_cat":3,"minecraft:string":7,"minecraft:raw_copper":5,"minecraft:iron_axe":1,"minecraft:cooked_salmon":8,"minecraft:pufferfish":13,"minecraft:cobbled_deepslate":50,"minecraft:beef":11,"minecraft:oak_boat":1,"minecraft:azalea":1,"minecraft:poppy":7,"minecraft:sugar_cane":179,"minecraft:chest":7,"minecraft:birch_sapling":7,"minecraft:furnace":5,"minecraft:egg":3,"minecraft:stick":32,"minecraft:raw_iron":89,"minecraft:jukebox":1,"minecraft:torch":16,"minecraft:bowl":1,"minecraft:porkchop":15,"minecraft:diorite":3,"minecraft:redstone":45,"minecraft:arrow":17,"minecraft:rotten_flesh":28,"minecraft:cooked_cod":20,"minecraft:tropical_fish":1,"minecraft:glow_berries":1,"minecraft:mutton":9,"minecraft:cod":67,"minecraft:white_wool":6,"minecraft:cobblestone":68,"minecraft:nautilus_shell":1,"minecraft:stripped_oak_log":1,"minecraft:birch_log":18,"minecraft:tripwire_hook":1,"minecraft:andesite":11,"minecraft:salmon":29,"minecraft:leather":9,"minecraft:potato":6,"minecraft:flint":2,"minecraft:tuff":8,"minecraft:oak_log":195,"minecraft:yellow_bed":8,"minecraft:lapis_lazuli":4,"minecraft:dirt":639,"minecraft:lantern":3,"minecraft:white_banner":1,"minecraft:bone":12,"minecraft:apple":6,"minecraft:bow":2,"minecraft:stonecutter":3,"minecraft:wheat_seeds":70,"minecraft:raw_gold":45,"minecraft:bell":1,"minecraft:iron_ingot":2,"minecraft:grindstone":2,"minecraft:cooked_chicken":2,"minecraft:fletching_table":2,"minecraft:oak_planks":1,"minecraft:oak_slab":43,"minecraft:birch_boat":2,"minecraft:dandelion":13,"minecraft:raw_iron_block":1,"minecraft:gravel":6,"minecraft:sand":3,"minecraft:blast_furnace":2,"minecraft:white_bed":31,"minecraft:spider_eye":2,"minecraft:diamond":18,"minecraft:campfire":1,"minecraft:iron_helmet":1,"minecraft:diamond_axe":1,"minecraft:bread":4,"minecraft:oak_sapling":66,"minecraft:coal":35,"minecraft:charcoal":2,"minecraft:hopper":2},"minecraft:mined":{"minecraft:white_bed":32,"minecraft:oak_sapling":10,"minecraft:deepslate_diamond_ore":18,"minecraft:brewing_stand":2,"minecraft:grass_block":304,"minecraft:moss_block":1,"minecraft:hopper":2,"minecraft:raw_iron_block":1,"minecraft:furnace":5,"minecraft:iron_ore":33,"minecraft:cobbled_deepslate":8,"minecraft:andesite":10,"minecraft:fletching_table":2,"minecraft:bell":1,"minecraft:deepslate_iron_ore":57,"minecraft:lantern":2,"minecraft:stripped_oak_log":1,"minecraft:azalea":1,"minecraft:stone":68,"minecraft:deepslate_redstone_ore":10,"minecraft:oak_slab":32,"minecraft:dandelion":13,"minecraft:crafting_table":4,"minecraft:torch":6,"minecraft:short_grass":157,"minecraft:blast_furnace":1,"minecraft:poppy":7,"minecraft:campfire":1,"minecraft:chest":7,"minecraft:copper_ore":1,"minecraft:tall_grass":2,"minecraft:cobblestone":4,"minecraft:deepslate_gold_ore":45,"minecraft:oak_planks":2,"minecraft:grindstone":1,"minecraft:sugar_cane":98,"minecraft:diorite":2,"minecraft:wall_torch":7,"minecraft:birch_log":18,"minecraft:wheat":15,"minecraft:birch_leaves":69,"minecraft:yellow_bed":8,"minecraft:oak_log":195,"minecraft:coal_ore":33,"minecraft:gravel":8,"minecraft:dirt":195,"minecraft:sand":3,"minecraft:stonecutter":2,"minecraft:gold_ore":2,"minecraft:oak_leaves":125,"minecraft:deepslate":31},"minecraft:custom":{"minecraft:mob_kills":74,"minecraft:interact_with_crafting_table":58,"minecraft:interact_with_campfire":23,"minecraft:bell_ring":13,"minecraft:leave_game":1,"minecraft:time_since_death":299542,"minecraft:climb_one_cm":8360,"minecraft:sprint_one_cm":667125,"minecraft:damage_blocked_by_shield":965,"minecraft:walk_one_cm":886076,"minecraft:drop":81,"minecraft:talked_to_villager":13,"minecraft:play_time":299542,"minecraft:sneak_time":8993,"minecraft:walk_under_water_one_cm":27104,"minecraft:boat_one_cm":243354,"minecraft:jump":3357,"minecraft:walk_on_water_one_cm":63488,"minecraft:total_world_time":299542,"minecraft:interact_with_furnace":57,"minecraft:play_record":2,"minecraft:traded_with_villager":12,"minecraft:interact_with_stonecutter":5,"minecraft:sleep_in_bed":18,"minecraft:time_since_rest":3967,"minecraft:damage_taken":2074,"minecraft:damage_dealt":12156,"minecraft:swim_one_cm":22347,"minecraft:fly_one_cm":526696,"minecraft:open_chest":113,"minecraft:crouch_one_cm":28810,"minecraft:fish_caught":113,"minecraft:fall_one_cm":61752,"minecraft:horse_one_cm":3231},"minecraft:broken":{"minecraft:iron_shovel":1,"minecraft:iron_axe":1,"minecraft:iron_pickaxe":1,"minecraft:fishing_rod":2},"minecraft:crafted":{"minecraft:oak_planks":388,"minecraft:fishing_rod":3,"minecraft:iron_nugget":9,"minecraft:birch_boat":1,"minecraft:cooked_chicken":2,"minecraft:furnace":1,"minecraft:cooked_mutton":9,"minecraft:oak_trapdoor":2,"minecraft:hopper":1,"minecraft:lantern":1,"minecraft:iron_boots":3,"minecraft:polished_deepslate":1,"minecraft:iron_axe":3,"minecraft:ladder":6,"minecraft:iron_hoe":1,"minecraft:stone_pickaxe":2,"minecraft:chest":4,"minecraft:oak_fence":3,"minecraft:cooked_beef":7,"minecraft:oak_slab":348,"minecraft:emerald":5,"minecraft:arrow":112,"minecraft:cauldron":1,"minecraft:cooked_porkchop":15,"minecraft:crafting_table":3,"minecraft:wooden_pickaxe":1,"minecraft:iron_sword":1,"minecraft:fletching_table":1,"minecraft:bucket":3,"minecraft:birch_planks":72,"minecraft:campfire":4,"minecraft:deepslate_tiles":1,"minecraft:stone_axe":2,"minecraft:bread":5,"minecraft:air":0,"minecraft:diamond_pickaxe":1,"minecraft:chiseled_deepslate":1,"minecraft:shield":1,"minecraft:stick":260,"minecraft:iron_ingot":100,"minecraft:iron_pickaxe":1,"minecraft:iron_shovel":4,"minecraft:iron_leggings":2,"minecraft:white_bed":2,"minecraft:composter":1,"minecraft:torch":108,"minecraft:deepslate_bricks":1},"minecraft:used":{"minecraft:oak_fence":3,"minecraft:oak_trapdoor":2,"minecraft:iron_shovel":451,"minecraft:polished_deepslate":1,"minecraft:chiseled_deepslate":1,"minecraft:ladder":6,"minecraft:poppy":6,"minecraft:chest":10,"minecraft:shield":35,"minecraft:iron_sword":22,"minecraft:bell":1,"minecraft:cooked_salmon":1,"minecraft:cooked_chicken":2,"minecraft:iron_chestplate":1,"minecraft:torch":124,"minecraft:dirt":612,"minecraft:hopper":3,"minecraft:raw_iron_block":1,"minecraft:axolotl_bucket":1,"minecraft:iron_hoe":169,"minecraft:lava_bucket":5,"minecraft:lantern":4,"minecraft:iron_axe":318,"minecraft:iron_helmet":1,"minecraft:bow":3,"minecraft:oak_sapling":66,"minecraft:furnace":6,"minecraft:cooked_cod":16,"minecraft:egg":2,"minecraft:potato":13,"minecraft:cooked_beef":7,"minecraft:cobbled_deepslate":23,"minecraft:wheat_seeds":69,"minecraft:cooked_mutton":9,"minecraft:water_bucket":25,"minecraft:diorite":3,"minecraft:birch_planks":30,"minecraft:stone_pickaxe":42,"minecraft:oak_planks":60,"minecraft:wooden_pickaxe":15,"minecraft:birch_boat":3,"minecraft:composter":1,"minecraft:diamond_axe":36,"minecraft:fletching_table":3,"minecraft:stonecutter":2,"minecraft:sugar_cane":171,"minecraft:deepslate_bricks":1,"minecraft:oak_slab":254,"minecraft:crafting_table":6,"minecraft:white_bed":32,"minecraft:campfire":2,"minecraft:deepslate_tiles":1,"minecraft:oak_log":1,"minecraft:diamond_pickaxe":45,"minecraft:apple":2,"minecraft:iron_pickaxe":246,"minecraft:bread":12,"minecraft:gravel":4,"minecraft:pufferfish":1,"minecraft:stone_axe":42,"minecraft:fishing_rod":151,"minecraft:cobblestone":32,"minecraft:white_banner":1,"minecraft:andesite":1,"minecraft:bucket":34,"minecraft:yellow_bed":8,"minecraft:oak_boat":1,"minecraft:dandelion":3,"minecraft:jukebox":1,"minecraft:azalea":1}},"DataVersion":3953}