{"stats":{"minecraft:dropped":{"minecraft:water_bucket":1,"minecraft:iron_ingot":4,"minecraft:stone_axe":1,"minecraft:cooked_chicken":2,"minecraft:oak_log":9,"minecraft:cooked_porkchop":15,"minecraft:white_bed":1,"minecraft:torch":12,"minecraft:wooden_pickaxe":1,"minecraft:stone_pickaxe":1},"minecraft:killed":{"minecraft:pig":6,"minecraft:spider":1,"minecraft:skeleton":2,"minecraft:sheep":6,"minecraft:cow":5},"minecraft:picked_up":{"minecraft:birch_log":18,"minecraft:iron_chestplate":1,"minecraft:crafting_table":2,"minecraft:leather":6,"minecraft:oak_log":16,"minecraft:shield":1,"minecraft:lapis_lazuli":4,"minecraft:bone":1,"minecraft:bow":1,"minecraft:iron_ingot":1,"minecraft:beef":9,"minecraft:cooked_chicken":2,"minecraft:sugar_cane":3,"minecraft:birch_sapling":7,"minecraft:furnace":2,"minecraft:stick":4,"minecraft:raw_iron":21,"minecraft:birch_boat":1,"minecraft:torch":2,"minecraft:porkchop":13,"minecraft:diorite":3,"minecraft:white_bed":4,"minecraft:arrow":3,"minecraft:rotten_flesh":2,"minecraft:iron_helmet":1,"minecraft:oak_sapling":5,"minecraft:mutton":9,"minecraft:coal":35,"minecraft:white_wool":6,"minecraft:cobblestone":28},"minecraft:mined":{"minecraft:white_bed":3,"minecraft:crafting_table":2,"minecraft:torch":1,"minecraft:sugar_cane":1,"minecraft:diorite":2,"minecraft:furnace":2,"minecraft:birch_log":18,"minecraft:iron_ore":20,"minecraft:birch_leaves":69,"minecraft:andesite":1,"minecraft:oak_log":16,"minecraft:coal_ore":33,"minecraft:dirt":2,"minecraft:stone":27,"minecraft:oak_leaves":57},"minecraft:custom":{"minecraft:interact_with_furnace":44,"minecraft:mob_kills":20,"minecraft:interact_with_crafting_table":15,"minecraft:time_since_death":33625,"minecraft:sleep_in_bed":4,"minecraft:time_since_rest":4403,"minecraft:sprint_one_cm":39643,"minecraft:damage_taken":148,"minecraft:walk_one_cm":115603,"minecraft:drop":13,"minecraft:damage_dealt":2230,"minecraft:swim_one_cm":4035,"minecraft:fly_one_cm":33893,"minecraft:open_chest":27,"minecraft:crouch_one_cm":2377,"minecraft:play_time":33625,"minecraft:sneak_time":671,"minecraft:walk_under_water_one_cm":6661,"minecraft:boat_one_cm":10994,"minecraft:jump":347,"minecraft:walk_on_water_one_cm":8456,"minecraft:total_world_time":33625,"minecraft:fall_one_cm":5370},"minecraft:used":{"minecraft:diorite":3,"minecraft:stone_pickaxe":42,"minecraft:wooden_pickaxe":15,"minecraft:birch_boat":1,"minecraft:iron_chestplate":1,"minecraft:torch":13,"minecraft:crafting_table":3,"minecraft:white_bed":5,"minecraft:oak_log":1,"minecraft:iron_pickaxe":33,"minecraft:iron_helmet":1,"minecraft:stone_axe":42,"minecraft:furnace":3,"minecraft:bucket":2,"minecraft:cooked_beef":2},"minecraft:crafted":{"minecraft:cooked_beef":7,"minecraft:oak_planks":24,"minecraft:cooked_porkchop":15,"minecraft:crafting_table":1,"minecraft:wooden_pickaxe":1,"minecraft:birch_boat":1,"minecraft:cooked_chicken":2,"minecraft:furnace":1,"minecraft:bucket":2,"minecraft:birch_planks":72,"minecraft:stone_axe":2,"minecraft:cooked_mutton":9,"minecraft:air":0,"minecraft:stick":64,"minecraft:iron_ingot":12,"minecraft:iron_pickaxe":1,"minecraft:stone_pickaxe":2,"minecraft:white_bed":2,"minecraft:torch":56}},"DataVersion":3953}