{"stats":{"minecraft:dropped":{"minecraft:oak_slab":1,"minecraft:wheat_seeds":6,"minecraft:ominous_bottle":2,"minecraft:diamond_axe":2,"minecraft:oak_log":7,"minecraft:rotten_flesh":2,"minecraft:salmon":1,"minecraft:sand":21,"minecraft:white_wool":1},"minecraft:killed":{"minecraft:magma_cube":7,"minecraft:piglin":2,"minecraft:pig":10,"minecraft:squid":1,"minecraft:sheep":4,"minecraft:skeleton":3,"minecraft:zombie":1,"minecraft:piglin_brute":1,"minecraft:cow":5},"minecraft:picked_up":{"minecraft:fishing_rod":1,"minecraft:crafting_table":3,"minecraft:iron_chestplate":1,"minecraft:basalt":2,"minecraft:ominous_bottle":1,"minecraft:golden_leggings":1,"minecraft:salmon":3,"minecraft:brown_wool":1,"minecraft:leather":5,"minecraft:gold_block":4,"minecraft:potion":2,"minecraft:gilded_blackstone":2,"minecraft:oak_log":37,"minecraft:lily_pad":1,"minecraft:golden_sword":1,"minecraft:shield":2,"minecraft:music_disc_cat":1,"minecraft:dirt":24,"minecraft:iron_axe":1,"minecraft:cooked_salmon":8,"minecraft:iron_leggings":2,"minecraft:iron_shovel":1,"minecraft:blackstone":4,"minecraft:pufferfish":5,"minecraft:bone":5,"minecraft:apple":2,"minecraft:bow":2,"minecraft:gold_nugget":3,"minecraft:wheat_seeds":5,"minecraft:bucket":1,"minecraft:beef":9,"minecraft:oak_boat":2,"minecraft:light_gray_wool":1,"minecraft:sugar_cane":48,"minecraft:chest":2,"minecraft:iron_sword":1,"minecraft:oak_planks":20,"minecraft:soul_sand":1,"minecraft:iron_boots":2,"minecraft:egg":1,"minecraft:oak_slab":6,"minecraft:stick":36,"minecraft:torch":1,"minecraft:bowl":1,"minecraft:polished_blackstone_bricks":42,"minecraft:porkchop":22,"minecraft:sand":18,"minecraft:ink_sac":3,"minecraft:iron_hoe":1,"minecraft:diamond_chestplate":1,"minecraft:arrow":3,"minecraft:rotten_flesh":15,"minecraft:cooked_cod":16,"minecraft:campfire":2,"minecraft:cracked_polished_blackstone_bricks":27,"minecraft:iron_helmet":2,"minecraft:diamond_axe":3,"minecraft:golden_apple":2,"minecraft:saddle":1,"minecraft:bread":28,"minecraft:oak_sapling":10,"minecraft:blackstone_stairs":1,"minecraft:netherrack":4,"minecraft:mutton":5,"minecraft:cod":6,"minecraft:white_wool":3,"minecraft:cobblestone":11,"minecraft:diamond_pickaxe":1},"minecraft:mined":{"minecraft:oak_slab":2,"minecraft:blackstone":4,"minecraft:blackstone_stairs":1,"minecraft:basalt":1,"minecraft:crafting_table":3,"minecraft:short_grass":15,"minecraft:grass_block":5,"minecraft:chest":2,"minecraft:cracked_polished_blackstone_bricks":6,"minecraft:sugar_cane":27,"minecraft:oak_planks":2,"minecraft:gilded_blackstone":3,"minecraft:polished_blackstone_bricks":7,"minecraft:oak_log":36,"minecraft:sand":20,"minecraft:dirt":10,"minecraft:netherrack":1,"minecraft:oak_leaves":133},"minecraft:custom":{"minecraft:interact_with_smithing_table":1,"minecraft:interact_with_furnace":3,"minecraft:mob_kills":35,"minecraft:play_record":1,"minecraft:interact_with_crafting_table":4,"minecraft:interact_with_campfire":42,"minecraft:interact_with_stonecutter":1,"minecraft:time_since_death":102529,"minecraft:sleep_in_bed":2,"minecraft:climb_one_cm":646,"minecraft:time_since_rest":42530,"minecraft:sprint_one_cm":233557,"minecraft:damage_taken":1267,"minecraft:walk_one_cm":366075,"minecraft:damage_blocked_by_shield":285,"minecraft:drop":19,"minecraft:damage_dealt":4177,"minecraft:swim_one_cm":19507,"minecraft:talked_to_villager":2,"minecraft:fly_one_cm":163049,"minecraft:open_chest":43,"minecraft:crouch_one_cm":12427,"minecraft:play_time":102529,"minecraft:sneak_time":4673,"minecraft:walk_under_water_one_cm":9564,"minecraft:boat_one_cm":49804,"minecraft:jump":1458,"minecraft:walk_on_water_one_cm":20456,"minecraft:total_world_time":102529,"minecraft:fish_caught":11,"minecraft:fall_one_cm":33086},"minecraft:broken":{"minecraft:iron_axe":1},"minecraft:used":{"minecraft:flint_and_steel":1,"minecraft:stone_pickaxe":23,"minecraft:oak_planks":6,"minecraft:chest":3,"minecraft:shield":20,"minecraft:diamond_axe":63,"minecraft:cooked_salmon":3,"minecraft:polished_blackstone_bricks":27,"minecraft:iron_chestplate":1,"minecraft:soul_sand":1,"minecraft:sand":9,"minecraft:dirt":7,"minecraft:oak_slab":5,"minecraft:crafting_table":3,"minecraft:obsidian":2,"minecraft:apple":2,"minecraft:cracked_polished_blackstone_bricks":12,"minecraft:iron_axe":66,"minecraft:bread":18,"minecraft:iron_boots":1,"minecraft:fishing_rod":20,"minecraft:oak_sapling":10,"minecraft:cooked_cod":8,"minecraft:oak_boat":3,"minecraft:egg":1,"minecraft:iron_leggings":1},"minecraft:crafted":{"minecraft:oak_planks":42,"minecraft:crafting_table":2,"minecraft:oak_boat":1,"minecraft:stick":6,"minecraft:stone_pickaxe":1,"minecraft:chest":1}},"DataVersion":3953}