{"stats":{"minecraft:broken":{"minecraft:flint_and_steel":1,"minecraft:iron_axe":1,"minecraft:iron_pickaxe":2,"minecraft:iron_helmet":1},"minecraft:mined":{"minecraft:waxed_cut_copper_slab":1,"minecraft:tuff":30,"minecraft:blackstone_stairs":1,"minecraft:white_bed":2,"minecraft:oak_sapling":3,"minecraft:deepslate_diamond_ore":41,"minecraft:jungle_leaves":4,"minecraft:granite":14,"minecraft:grass_block":17,"minecraft:decorated_pot":2,"minecraft:cracked_polished_blackstone_bricks":6,"minecraft:chiseled_tuff_bricks":1,"minecraft:gilded_blackstone":3,"minecraft:polished_blackstone_bricks":7,"minecraft:oak_trapdoor":1,"minecraft:waxed_oxidized_cut_copper":1,"minecraft:waxed_copper_grate":1,"minecraft:iron_ore":75,"minecraft:barrel":1,"minecraft:fire":8,"minecraft:cobbled_deepslate":2,"minecraft:andesite":20,"minecraft:deepslate_lapis_ore":6,"minecraft:pointed_dripstone":1,"minecraft:deepslate_iron_ore":27,"minecraft:stone":150,"minecraft:deepslate_redstone_ore":9,"minecraft:oak_slab":2,"minecraft:blackstone":4,"minecraft:basalt":1,"minecraft:crafting_table":8,"minecraft:torch":3,"minecraft:short_grass":27,"minecraft:chest":5,"minecraft:copper_ore":2,"minecraft:tall_grass":3,"minecraft:cobblestone":8,"minecraft:oak_planks":12,"minecraft:deepslate_gold_ore":10,"minecraft:lapis_ore":3,"minecraft:sugar_cane":130,"minecraft:waxed_chiseled_copper":4,"minecraft:wall_torch":9,"minecraft:diorite":20,"minecraft:deepslate_copper_ore":1,"minecraft:waxed_oxidized_copper_grate":1,"minecraft:waxed_copper_block":4,"minecraft:coal_ore":73,"minecraft:oak_log":112,"minecraft:waxed_oxidized_copper":5,"minecraft:gravel":3,"minecraft:sand":20,"minecraft:dirt":26,"minecraft:cobweb":32,"minecraft:netherrack":1,"minecraft:gold_ore":4,"minecraft:oak_leaves":165,"minecraft:deepslate":75},"minecraft:killed_by":{"minecraft:player":1,"minecraft:piglin_brute":1},"minecraft:used":{"minecraft:flint_and_steel":64,"minecraft:chest":9,"minecraft:shield":59,"minecraft:cooked_salmon":21,"minecraft:trial_key":4,"minecraft:torch":32,"minecraft:netherrack":4,"minecraft:iron_chestplate":1,"minecraft:soul_sand":1,"minecraft:dirt":26,"minecraft:snowball":7,"minecraft:tuff":30,"minecraft:granite":4,"minecraft:obsidian":2,"minecraft:jungle_sapling":1,"minecraft:iron_axe":66,"minecraft:iron_boots":1,"minecraft:diamond_chestplate":1,"minecraft:bow":92,"minecraft:oak_sapling":32,"minecraft:cooked_cod":49,"minecraft:egg":1,"minecraft:cobbled_deepslate":109,"minecraft:iron_leggings":1,"minecraft:water_bucket":55,"minecraft:stone_pickaxe":23,"minecraft:baked_potato":3,"minecraft:oak_planks":8,"minecraft:diamond_axe":275,"minecraft:sugar_cane":4,"minecraft:polished_blackstone_bricks":32,"minecraft:golden_apple":2,"minecraft:sand":9,"minecraft:white_bed":2,"minecraft:oak_slab":5,"minecraft:crafting_table":8,"minecraft:crossbow":41,"minecraft:apple":2,"minecraft:cracked_polished_blackstone_bricks":12,"minecraft:bread":58,"minecraft:iron_pickaxe":600,"minecraft:stone_axe":75,"minecraft:diamond_sword":166,"minecraft:fishing_rod":63,"minecraft:cobblestone":138,"minecraft:white_banner":4,"minecraft:andesite":10,"minecraft:bucket":56,"minecraft:oak_trapdoor":1,"minecraft:oak_boat":4},"minecraft:custom":{"minecraft:interact_with_anvil":1,"minecraft:mob_kills":138,"minecraft:interact_with_crafting_table":24,"minecraft:open_barrel":3,"minecraft:interact_with_campfire":95,"minecraft:leave_game":9,"minecraft:time_since_death":307627,"minecraft:climb_one_cm":10818,"minecraft:sprint_one_cm":940673,"minecraft:walk_one_cm":1163912,"minecraft:damage_blocked_by_shield":1447,"minecraft:drop":153,"minecraft:talked_to_villager":23,"minecraft:raid_win":3,"minecraft:play_time":423482,"minecraft:sneak_time":14625,"minecraft:deaths":3,"minecraft:walk_under_water_one_cm":42967,"minecraft:boat_one_cm":104335,"minecraft:jump":7143,"minecraft:interact_with_brewingstand":1,"minecraft:interact_with_blast_furnace":1,"minecraft:walk_on_water_one_cm":91918,"minecraft:enchant_item":5,"minecraft:total_world_time":423482,"minecraft:interact_with_furnace":3,"minecraft:play_record":4,"minecraft:traded_with_villager":21,"minecraft:interact_with_stonecutter":3,"minecraft:sleep_in_bed":15,"minecraft:time_since_rest":18989,"minecraft:damage_taken":6645,"minecraft:damage_absorbed":80,"minecraft:damage_dealt":20236,"minecraft:swim_one_cm":43765,"minecraft:fly_one_cm":736317,"minecraft:open_chest":207,"minecraft:crouch_one_cm":29886,"minecraft:fish_caught":38,"minecraft:fall_one_cm":179611,"minecraft:inspect_dispenser":8,"minecraft:interact_with_smithing_table":1},"minecraft:crafted":{"minecraft:oak_planks":344,"minecraft:diamond_helmet":1,"minecraft:diamond_leggings":1,"minecraft:stone_pickaxe":1,"minecraft:chest":3,"minecraft:diamond_boots":1,"minecraft:diamond_sword":2,"minecraft:emerald":10,"minecraft:arrow":176,"minecraft:crafting_table":4,"minecraft:gold_block":2,"minecraft:bucket":1,"minecraft:air":0,"minecraft:oak_boat":2,"minecraft:golden_apple":8,"minecraft:stick":450,"minecraft:iron_pickaxe":4,"minecraft:gold_ingot":69,"minecraft:torch":52},"minecraft:dropped":{"minecraft:bread":35,"minecraft:iron_ingot":2,"minecraft:oak_slab":1,"minecraft:wheat_seeds":6,"minecraft:ominous_bottle":3,"minecraft:diamond_axe":3,"minecraft:lapis_lazuli":22,"minecraft:oak_log":7,"minecraft:crafting_table":1,"minecraft:waxed_copper_grate":3,"minecraft:honeycomb":15,"minecraft:golden_apple":5,"minecraft:stick":204,"minecraft:dirt":2,"minecraft:waxed_oxidized_chiseled_copper":1,"minecraft:torch":4,"minecraft:waxed_oxidized_copper":1,"minecraft:white_banner":1,"minecraft:sand":21,"minecraft:iron_pickaxe":2,"minecraft:iron_shovel":1,"minecraft:string":1,"minecraft:white_wool":1,"minecraft:gravel":3,"minecraft:raw_copper":23,"minecraft:pointed_dripstone":1,"minecraft:rotten_flesh":6,"minecraft:oak_planks":31,"minecraft:white_bed":1,"minecraft:waxed_copper_block":4,"minecraft:salmon":1,"minecraft:carrot":1,"minecraft:diamond_sword":1,"minecraft:trial_key":4,"minecraft:waxed_oxidized_cut_copper":2,"minecraft:breeze_rod":1,"minecraft:spider_eye":2,"minecraft:waxed_chiseled_copper":4,"minecraft:waxed_oxidized_copper_grate":1},"minecraft:picked_up":{"minecraft:iron_chestplate":3,"minecraft:lingering_potion":2,"minecraft:fishing_rod":2,"minecraft:waxed_oxidized_cut_copper":2,"minecraft:crafting_table":10,"minecraft:chicken":3,"minecraft:ominous_bottle":2,"minecraft:lead":1,"minecraft:enchanted_book":1,"minecraft:gold_block":4,"minecraft:potion":3,"minecraft:gilded_blackstone":2,"minecraft:brick":7,"minecraft:shield":3,"minecraft:golden_sword":1,"minecraft:music_disc_cat":6,"minecraft:oak_trapdoor":1,"minecraft:string":43,"minecraft:raw_copper":23,"minecraft:iron_axe":1,"minecraft:cooked_salmon":21,"minecraft:flint_and_steel":1,"minecraft:iron_leggings":4,"minecraft:netherite_ingot":1,"minecraft:iron_shovel":2,"minecraft:pufferfish":7,"minecraft:blackstone":14,"minecraft:gold_nugget":3,"minecraft:cobbled_deepslate":109,"minecraft:bucket":1,"minecraft:beef":12,"minecraft:trial_key":8,"minecraft:oak_boat":3,"minecraft:jungle_sapling":1,"minecraft:light_gray_wool":1,"minecraft:guster_pottery_sherd":1,"minecraft:sugar_cane":234,"minecraft:chest":7,"minecraft:waxed_oxidized_copper":3,"minecraft:iron_boots":4,"minecraft:egg":4,"minecraft:tipped_arrow":26,"minecraft:raw_iron":102,"minecraft:stick":72,"minecraft:oak_fence":4,"minecraft:torch":18,"minecraft:bowl":1,"minecraft:porkchop":22,"minecraft:polished_blackstone_bricks":42,"minecraft:waxed_copper_grate":4,"minecraft:pointed_dripstone":3,"minecraft:diorite":13,"minecraft:carrot":1,"minecraft:redstone":38,"minecraft:waxed_oxidized_chiseled_copper":1,"minecraft:rotten_flesh":67,"minecraft:arrow":57,"minecraft:honey_bottle":2,"minecraft:diamond_chestplate":3,"minecraft:cooked_cod":63,"minecraft:tropical_fish":1,"minecraft:saddle":6,"minecraft:mutton":5,"minecraft:blackstone_stairs":1,"minecraft:cod":19,"minecraft:white_wool":3,"minecraft:cobblestone":151,"minecraft:feather":1,"minecraft:basalt":3,"minecraft:magma_cream":8,"minecraft:andesite":22,"minecraft:salmon":12,"minecraft:leather":6,"minecraft:golden_leggings":1,"minecraft:brown_wool":2,"minecraft:red_glazed_terracotta":1,"minecraft:potato":1,"minecraft:tuff":30,"minecraft:oak_log":113,"minecraft:waxed_copper_block":4,"minecraft:lily_pad":2,"minecraft:gunpowder":4,"minecraft:lapis_lazuli":47,"minecraft:dirt":74,"minecraft:white_banner":5,"minecraft:cooked_mutton":1,"minecraft:leather_boots":2,"minecraft:bone":37,"minecraft:apple":3,"minecraft:bow":5,"minecraft:wheat_seeds":9,"minecraft:raw_gold":14,"minecraft:iron_ingot":2,"minecraft:polished_tuff_slab":1,"minecraft:stone_pickaxe":1,"minecraft:cooked_chicken":5,"minecraft:honeycomb":15,"minecraft:oak_planks":70,"minecraft:iron_sword":1,"minecraft:soul_sand":11,"minecraft:oak_slab":6,"minecraft:waxed_chiseled_copper":4,"minecraft:gravel":5,"minecraft:sand":18,"minecraft:ink_sac":8,"minecraft:white_bed":4,"minecraft:crying_obsidian":4,"minecraft:spider_eye":5,"minecraft:barrel":1,"minecraft:polished_tuff":3,"minecraft:iron_hoe":1,"minecraft:diamond":47,"minecraft:campfire":2,"minecraft:granite":4,"minecraft:waxed_oxidized_copper_grate":7,"minecraft:cracked_polished_blackstone_bricks":34,"minecraft:iron_helmet":3,"minecraft:crossbow":2,"minecraft:breeze_rod":2,"minecraft:diamond_axe":6,"minecraft:golden_apple":12,"minecraft:emerald":4,"minecraft:bread":88,"minecraft:music_disc_precipice":1,"minecraft:baked_potato":3,"minecraft:oak_sapling":33,"minecraft:netherrack":9,"minecraft:coal":69,"minecraft:chiseled_tuff_bricks":1,"minecraft:diamond_pickaxe":1},"minecraft:killed":{"minecraft:spider":8,"minecraft:vindicator":1,"minecraft:skeleton":21,"minecraft:chicken":3,"minecraft:silverfish":4,"minecraft:drowned":1,"minecraft:piglin_brute":1,"minecraft:magma_cube":7,"minecraft:piglin":4,"minecraft:pig":10,"minecraft:ravager":1,"minecraft:creeper":2,"minecraft:squid":3,"minecraft:sheep":4,"minecraft:pillager":8,"minecraft:zombie":38,"minecraft:stray":9,"minecraft:breeze":1,"minecraft:cow":6}},"DataVersion":3953}