{"stats":{"minecraft:broken":{"minecraft:diamond_boots":1,"minecraft:flint_and_steel":1,"minecraft:shield":1,"minecraft:iron_axe":1,"minecraft:iron_pickaxe":2,"minecraft:iron_helmet":1},"minecraft:mined":{"minecraft:waxed_cut_copper_slab":1,"minecraft:blackstone_stairs":1,"minecraft:white_bed":2,"minecraft:oak_sapling":3,"minecraft:farmland":1,"minecraft:jungle_leaves":4,"minecraft:granite":14,"minecraft:grass_block":67,"minecraft:cracked_polished_blackstone_bricks":6,"minecraft:soul_soil":8,"minecraft:chiseled_tuff_bricks":3,"minecraft:nether_wart":19,"minecraft:tuff_bricks":19,"minecraft:gilded_blackstone":3,"minecraft:polished_blackstone_bricks":7,"minecraft:glowstone":5,"minecraft:iron_ore":86,"minecraft:cobbled_deepslate":3,"minecraft:fire":34,"minecraft:barrel":1,"minecraft:deepslate_lapis_ore":6,"minecraft:pointed_dripstone":1,"minecraft:dirt_path":3,"minecraft:orange_bed":2,"minecraft:deepslate_redstone_ore":9,"minecraft:blackstone":4,"minecraft:soul_fire":3,"minecraft:torch":3,"minecraft:chest":7,"minecraft:nether_quartz_ore":214,"minecraft:cobblestone":39,"minecraft:oak_planks":12,"minecraft:sugar_cane":299,"minecraft:waxed_chiseled_copper":4,"minecraft:wall_torch":9,"minecraft:deepslate_copper_ore":1,"minecraft:warped_nylium":4,"minecraft:wheat":7,"minecraft:waxed_copper_block":13,"minecraft:oak_log":112,"minecraft:waxed_oxidized_copper":5,"minecraft:sand":20,"minecraft:dirt":67,"minecraft:netherrack":381,"minecraft:deepslate":90,"minecraft:oak_leaves":165,"minecraft:nether_gold_ore":13,"minecraft:tuff":30,"minecraft:deepslate_diamond_ore":46,"minecraft:end_stone":11,"minecraft:glow_lichen":1,"minecraft:nether_bricks":7,"minecraft:spruce_fence":1,"minecraft:decorated_pot":2,"minecraft:oak_trapdoor":1,"minecraft:waxed_oxidized_cut_copper":2,"minecraft:waxed_copper_grate":1,"minecraft:andesite":22,"minecraft:bookshelf":42,"minecraft:deepslate_iron_ore":31,"minecraft:warped_stem":7,"minecraft:stone":177,"minecraft:waxed_exposed_copper_bulb":1,"minecraft:oak_slab":4,"minecraft:soul_sand":20,"minecraft:basalt":5,"minecraft:crafting_table":9,"minecraft:short_grass":50,"minecraft:emerald_ore":1,"minecraft:copper_ore":4,"minecraft:tall_grass":6,"minecraft:deepslate_gold_ore":10,"minecraft:lapis_ore":3,"minecraft:diorite":20,"minecraft:warped_wart_block":7,"minecraft:waxed_oxidized_copper_grate":7,"minecraft:coal_ore":97,"minecraft:gravel":3,"minecraft:cobweb":36,"minecraft:stone_bricks":9,"minecraft:mossy_stone_bricks":1,"minecraft:gold_ore":4},"minecraft:killed_by":{"minecraft:piglin_brute":1,"minecraft:player":5,"minecraft:stray":1},"minecraft:custom":{"minecraft:interact_with_crafting_table":57,"minecraft:open_barrel":27,"minecraft:bell_ring":2,"minecraft:leave_game":17,"minecraft:time_since_death":207050,"minecraft:sprint_one_cm":2071855,"minecraft:damage_blocked_by_shield":2992,"minecraft:drop":470,"minecraft:talked_to_villager":88,"minecraft:play_time":857572,"minecraft:deaths":9,"minecraft:jump":13337,"minecraft:interact_with_brewingstand":1,"minecraft:walk_on_water_one_cm":247310,"minecraft:enchant_item":6,"minecraft:interact_with_furnace":33,"minecraft:play_record":6,"minecraft:traded_with_villager":33,"minecraft:interact_with_cartography_table":2,"minecraft:sleep_in_bed":18,"minecraft:damage_dealt":46919,"minecraft:player_kills":2,"minecraft:crouch_one_cm":54437,"minecraft:inspect_dispenser":15,"minecraft:interact_with_smithing_table":8,"minecraft:interact_with_anvil":29,"minecraft:mob_kills":292,"minecraft:interact_with_campfire":95,"minecraft:climb_one_cm":33176,"minecraft:walk_one_cm":2544128,"minecraft:raid_win":3,"minecraft:sneak_time":25001,"minecraft:walk_under_water_one_cm":125716,"minecraft:boat_one_cm":105798,"minecraft:interact_with_blast_furnace":9,"minecraft:total_world_time":857572,"minecraft:interact_with_stonecutter":6,"minecraft:time_since_rest":30627,"minecraft:damage_absorbed":158,"minecraft:damage_taken":15446,"minecraft:swim_one_cm":150796,"minecraft:fly_one_cm":2206574,"minecraft:open_chest":626,"minecraft:fish_caught":41,"minecraft:fall_one_cm":351537},"minecraft:used":{"minecraft:tuff_bricks":1,"minecraft:chest":10,"minecraft:shield":75,"minecraft:iron_chestplate":1,"minecraft:soul_sand":20,"minecraft:nether_bricks":3,"minecraft:tuff":30,"minecraft:snowball":7,"minecraft:obsidian":2,"minecraft:honey_bottle":4,"minecraft:jungle_sapling":1,"minecraft:waxed_oxidized_copper_grate":1,"minecraft:bow":213,"minecraft:oak_sapling":32,"minecraft:cooked_cod":71,"minecraft:egg":1,"minecraft:diamond_boots":1,"minecraft:stone_pickaxe":23,"minecraft:oak_planks":15,"minecraft:diamond_axe":362,"minecraft:sugar_cane":5,"minecraft:golden_apple":4,"minecraft:sand":9,"minecraft:crossbow":46,"minecraft:bread":58,"minecraft:diamond_sword":611,"minecraft:andesite":10,"minecraft:oak_boat":4,"minecraft:oak_trapdoor":1,"minecraft:flint_and_steel":65,"minecraft:cooked_salmon":70,"minecraft:trial_key":11,"minecraft:netherrack":327,"minecraft:orange_bed":1,"minecraft:torch":38,"minecraft:dirt":101,"minecraft:anvil":1,"minecraft:diamond_helmet":1,"minecraft:granite":4,"minecraft:spruce_fence":1,"minecraft:iron_axe":66,"minecraft:iron_boots":1,"minecraft:diamond_chestplate":2,"minecraft:basalt":1,"minecraft:cobbled_deepslate":109,"minecraft:iron_leggings":1,"minecraft:cooked_mutton":24,"minecraft:water_bucket":161,"minecraft:baked_potato":3,"minecraft:polished_blackstone_bricks":32,"minecraft:oak_slab":5,"minecraft:crafting_table":9,"minecraft:white_bed":2,"minecraft:ender_eye":1,"minecraft:diamond_pickaxe":736,"minecraft:apple":2,"minecraft:ominous_trial_key":3,"minecraft:diamond_shovel":162,"minecraft:wind_charge":5,"minecraft:cracked_polished_blackstone_bricks":12,"minecraft:iron_pickaxe":678,"minecraft:stone_axe":75,"minecraft:fishing_rod":67,"minecraft:cobblestone":174,"minecraft:white_banner":4,"minecraft:cooked_porkchop":22,"minecraft:bucket":161,"minecraft:pumpkin_pie":15,"minecraft:diamond_leggings":1},"minecraft:dropped":{"minecraft:porkchop":2,"minecraft:diamond_axe":4,"minecraft:ominous_bottle":3,"minecraft:lapis_lazuli":22,"minecraft:oak_log":7,"minecraft:baked_potato":9,"minecraft:glass_bottle":4,"minecraft:diamond":52,"minecraft:crafting_table":1,"minecraft:netherite_upgrade_smithing_template":2,"minecraft:warped_roots":2,"minecraft:honeycomb":15,"minecraft:emerald":23,"minecraft:dirt":5,"minecraft:waxed_oxidized_chiseled_copper":1,"minecraft:music_disc_precipice":2,"minecraft:phantom_membrane":1,"minecraft:sand":21,"minecraft:iron_pickaxe":3,"minecraft:white_wool":2,"minecraft:bone":17,"minecraft:gravel":3,"minecraft:red_glazed_terracotta":1,"minecraft:cooked_chicken":9,"minecraft:chiseled_tuff_bricks":5,"minecraft:cobbled_deepslate":22,"minecraft:pointed_dripstone":1,"minecraft:rotten_flesh":93,"minecraft:oak_planks":31,"minecraft:diamond_shovel":1,"minecraft:white_bed":1,"minecraft:carrot":1,"minecraft:waxed_copper_block":8,"minecraft:salmon":1,"minecraft:wind_charge":26,"minecraft:tipped_arrow":30,"minecraft:red_candle":8,"minecraft:breeze_rod":1,"minecraft:chiseled_tuff":1,"minecraft:arrow":30,"minecraft:warped_wart_block":8,"minecraft:netherrack":598,"minecraft:water_bucket":2,"minecraft:bread":37,"minecraft:iron_ingot":54,"minecraft:oak_slab":1,"minecraft:wheat_seeds":6,"minecraft:diamond_leggings":1,"minecraft:cobblestone":13,"minecraft:lead":1,"minecraft:waxed_copper_grate":4,"minecraft:polished_tuff":3,"minecraft:ominous_trial_key":1,"minecraft:grass_block":1,"minecraft:flow_armor_trim_smithing_template":1,"minecraft:golden_apple":16,"minecraft:stick":204,"minecraft:iron_block":1,"minecraft:golden_carrot":2,"minecraft:torch":4,"minecraft:waxed_copper_bulb":1,"minecraft:diamond_helmet":2,"minecraft:waxed_oxidized_copper":1,"minecraft:white_banner":1,"minecraft:flow_banner_pattern":2,"minecraft:iron_shovel":1,"minecraft:paper":6,"minecraft:string":2,"minecraft:redstone":2,"minecraft:tuff_bricks":26,"minecraft:soul_soil":8,"minecraft:blaze_rod":11,"minecraft:nether_wart":20,"minecraft:stone_sword":1,"minecraft:raw_copper":30,"minecraft:polished_tuff_slab":1,"minecraft:ender_eye":13,"minecraft:flint_and_steel":1,"minecraft:diamond_sword":2,"minecraft:potato":111,"minecraft:shield":3,"minecraft:trial_key":4,"minecraft:mossy_stone_bricks":7,"minecraft:oak_sapling":1,"minecraft:waxed_oxidized_cut_copper":2,"minecraft:stone_bricks":4,"minecraft:spider_eye":3,"minecraft:waxed_chiseled_copper":4,"minecraft:bow":3,"minecraft:waxed_oxidized_copper_grate":2},"minecraft:crafted":{"minecraft:oak_planks":580,"minecraft:cooked_mutton":31,"minecraft:quartz_block":65,"minecraft:glass":128,"minecraft:diamond_helmet":3,"minecraft:diamond_leggings":2,"minecraft:chest":3,"minecraft:emerald":22,"minecraft:arrow":176,"minecraft:cooked_porkchop":30,"minecraft:crafting_table":5,"minecraft:gold_block":2,"minecraft:paper":315,"minecraft:diamond_pickaxe":1,"minecraft:shield":3,"minecraft:stick":458,"minecraft:iron_ingot":22,"minecraft:iron_pickaxe":4,"minecraft:iron_block":3,"minecraft:gold_ingot":111,"minecraft:stone_pickaxe":1,"minecraft:diamond_boots":1,"minecraft:diamond_sword":2,"minecraft:bucket":1,"minecraft:air":0,"minecraft:oak_boat":2,"minecraft:golden_apple":14,"minecraft:anvil":1,"minecraft:torch":52,"minecraft:diamond_chestplate":1},"minecraft:picked_up":{"minecraft:iron_chestplate":3,"minecraft:nether_brick_fence":2,"minecraft:lead":4,"minecraft:diamond_sword":5,"minecraft:potion":26,"minecraft:enchanted_book":3,"minecraft:gilded_blackstone":2,"minecraft:golden_sword":1,"minecraft:raw_copper":30,"minecraft:music_disc_cat":6,"minecraft:string":56,"minecraft:waxed_cut_copper_slab":3,"minecraft:soul_soil":8,"minecraft:cooked_salmon":32,"minecraft:iron_leggings":4,"minecraft:red_candle":8,"minecraft:netherite_ingot":1,"minecraft:pufferfish":7,"minecraft:diamond_leggings":7,"minecraft:gold_nugget":130,"minecraft:cobbled_deepslate":131,"minecraft:bucket":1,"minecraft:eye_armor_trim_smithing_template":1,"minecraft:trial_key":31,"minecraft:ender_eye":13,"minecraft:iron_pickaxe":2,"minecraft:enchanted_golden_apple":5,"minecraft:iron_boots":4,"minecraft:tipped_arrow":77,"minecraft:stick":72,"minecraft:oak_fence":4,"minecraft:torch":119,"minecraft:porkchop":24,"minecraft:diorite":13,"minecraft:waxed_copper_grate":5,"minecraft:pointed_dripstone":3,"minecraft:music_disc_pigstep":1,"minecraft:orange_bed":2,"minecraft:stone_sword":1,"minecraft:honey_bottle":2,"minecraft:rotten_flesh":188,"minecraft:tropical_fish":1,"minecraft:iron_block":1,"minecraft:blaze_rod":11,"minecraft:blackstone_stairs":1,"minecraft:cod":22,"minecraft:cobblestone":236,"minecraft:feather":1,"minecraft:magma_cream":8,"minecraft:water_bucket":6,"minecraft:andesite":35,"minecraft:brown_wool":2,"minecraft:golden_leggings":1,"minecraft:potato":177,"minecraft:tuff":30,"minecraft:map":1,"minecraft:lapis_lazuli":47,"minecraft:dirt":178,"minecraft:leather_boots":2,"minecraft:bone":107,"minecraft:bow":15,"minecraft:wheat_seeds":37,"minecraft:raw_gold":14,"minecraft:cobbled_deepslate_slab":4,"minecraft:bolt_armor_trim_smithing_template":2,"minecraft:mossy_stone_bricks":7,"minecraft:diamond_helmet":11,"minecraft:oak_planks":70,"minecraft:honeycomb":15,"minecraft:cooked_porkchop":21,"minecraft:warped_wart_block":8,"minecraft:waxed_chiseled_copper":4,"minecraft:sand":18,"minecraft:ink_sac":9,"minecraft:grass_block":1,"minecraft:barrel":1,"minecraft:iron_hoe":1,"minecraft:diamond":54,"minecraft:waxed_oxidized_copper_grate":9,"minecraft:cracked_polished_blackstone_bricks":34,"minecraft:granite":4,"minecraft:crossbow":5,"minecraft:breeze_rod":33,"minecraft:golden_apple":61,"minecraft:emerald":56,"minecraft:bread":93,"minecraft:music_disc_precipice":5,"minecraft:oak_sapling":34,"minecraft:netherrack":852,"minecraft:ominous_trial_key":4,"minecraft:diamond_pickaxe":4,"minecraft:lingering_potion":3,"minecraft:fishing_rod":2,"minecraft:waxed_oxidized_cut_copper":2,"minecraft:crafting_table":11,"minecraft:ominous_bottle":7,"minecraft:chicken":3,"minecraft:nether_wart":20,"minecraft:gold_block":4,"minecraft:brick":7,"minecraft:shield":5,"minecraft:wind_charge":45,"minecraft:oak_trapdoor":1,"minecraft:flow_banner_pattern":4,"minecraft:iron_axe":1,"minecraft:flint_and_steel":5,"minecraft:compass":1,"minecraft:iron_shovel":2,"minecraft:blackstone":14,"minecraft:beef":12,"minecraft:oak_boat":3,"minecraft:chiseled_tuff":1,"minecraft:jungle_sapling":1,"minecraft:light_gray_wool":1,"minecraft:guster_pottery_sherd":1,"minecraft:sugar_cane":556,"minecraft:chest":8,"minecraft:phantom_membrane":2,"minecraft:waxed_oxidized_copper":3,"minecraft:egg":4,"minecraft:raw_iron":117,"minecraft:end_stone":11,"minecraft:bowl":1,"minecraft:spruce_fence":1,"minecraft:fire_charge":12,"minecraft:polished_blackstone_bricks":42,"minecraft:mace":1,"minecraft:carrot":1,"minecraft:redstone":38,"minecraft:waxed_oxidized_chiseled_copper":1,"minecraft:arrow":110,"minecraft:diamond_chestplate":8,"minecraft:cooked_cod":89,"minecraft:pumpkin_pie":58,"minecraft:nether_bricks":35,"minecraft:diamond_boots":6,"minecraft:saddle":6,"minecraft:flow_armor_trim_smithing_template":5,"minecraft:tuff_bricks":31,"minecraft:mutton":5,"minecraft:white_wool":4,"minecraft:basalt":5,"minecraft:golden_carrot":2,"minecraft:salmon":12,"minecraft:leather":9,"minecraft:red_glazed_terracotta":2,"minecraft:waxed_copper_bulb":2,"minecraft:lily_pad":2,"minecraft:oak_log":113,"minecraft:waxed_copper_block":15,"minecraft:gunpowder":6,"minecraft:paper":246,"minecraft:white_banner":5,"minecraft:cooked_mutton":29,"minecraft:apple":47,"minecraft:stone_bricks":7,"minecraft:warped_stem":10,"minecraft:iron_ingot":27,"minecraft:polished_tuff_slab":2,"minecraft:stone_pickaxe":1,"minecraft:cooked_chicken":9,"minecraft:glass_bottle":2,"minecraft:iron_sword":1,"minecraft:soul_sand":30,"minecraft:book":123,"minecraft:oak_slab":7,"minecraft:emerald_block":2,"minecraft:quartz":215,"minecraft:gravel":5,"minecraft:white_bed":4,"minecraft:crying_obsidian":4,"minecraft:spider_eye":9,"minecraft:polished_tuff":6,"minecraft:diamond_shovel":4,"minecraft:campfire":2,"minecraft:iron_helmet":3,"minecraft:diamond_axe":11,"minecraft:warped_roots":2,"minecraft:melon_seeds":1,"minecraft:baked_potato":12,"minecraft:warped_nylium":1,"minecraft:chiseled_tuff_bricks":6,"minecraft:coal":115,"minecraft:ender_pearl":3},"minecraft:killed":{"minecraft:spider":17,"minecraft:skeleton":29,"minecraft:chicken":3,"minecraft:silverfish":17,"minecraft:piglin_brute":1,"minecraft:magma_cube":7,"minecraft:piglin":4,"minecraft:pig":10,"minecraft:iron_golem":2,"minecraft:ender_dragon":1,"minecraft:creeper":2,"minecraft:sheep":4,"minecraft:trader_llama":2,"minecraft:pillager":8,"minecraft:zombie":92,"minecraft:stray":36,"minecraft:cow":6,"minecraft:blaze":14,"minecraft:armadillo":1,"minecraft:vindicator":1,"minecraft:slime":2,"minecraft:drowned":1,"minecraft:wandering_trader":1,"minecraft:ravager":1,"minecraft:squid":3,"minecraft:breeze":8,"minecraft:wither_skeleton":4,"minecraft:enderman":6}},"DataVersion":3953}