{"stats":{"minecraft:dropped":{"minecraft:bread":33,"minecraft:oak_slab":1,"minecraft:wheat_seeds":6,"minecraft:ominous_bottle":3,"minecraft:diamond_axe":2,"minecraft:oak_log":7,"minecraft:golden_apple":5,"minecraft:stick":204,"minecraft:white_banner":1,"minecraft:sand":21,"minecraft:iron_shovel":1,"minecraft:white_wool":1,"minecraft:rotten_flesh":2,"minecraft:oak_planks":31,"minecraft:white_bed":1,"minecraft:salmon":1},"minecraft:killed":{"minecraft:vindicator":1,"minecraft:skeleton":5,"minecraft:piglin_brute":1,"minecraft:magma_cube":7,"minecraft:piglin":4,"minecraft:pig":10,"minecraft:ravager":1,"minecraft:creeper":1,"minecraft:squid":1,"minecraft:sheep":4,"minecraft:pillager":7,"minecraft:zombie":4,"minecraft:cow":6},"minecraft:killed_by":{"minecraft:player":1,"minecraft:piglin_brute":1},"minecraft:picked_up":{"minecraft:fishing_rod":1,"minecraft:iron_chestplate":1,"minecraft:crafting_table":5,"minecraft:ominous_bottle":1,"minecraft:lead":1,"minecraft:gold_block":4,"minecraft:potion":2,"minecraft:gilded_blackstone":2,"minecraft:shield":3,"minecraft:golden_sword":1,"minecraft:music_disc_cat":4,"minecraft:oak_trapdoor":1,"minecraft:iron_axe":1,"minecraft:cooked_salmon":21,"minecraft:flint_and_steel":1,"minecraft:iron_leggings":4,"minecraft:pufferfish":6,"minecraft:netherite_ingot":1,"minecraft:iron_shovel":2,"minecraft:blackstone":12,"minecraft:gold_nugget":3,"minecraft:bucket":1,"minecraft:beef":12,"minecraft:oak_boat":3,"minecraft:jungle_sapling":1,"minecraft:light_gray_wool":1,"minecraft:sugar_cane":234,"minecraft:chest":7,"minecraft:iron_boots":4,"minecraft:egg":1,"minecraft:stick":72,"minecraft:torch":1,"minecraft:bowl":1,"minecraft:porkchop":22,"minecraft:polished_blackstone_bricks":42,"minecraft:arrow":5,"minecraft:diamond_chestplate":3,"minecraft:rotten_flesh":17,"minecraft:cooked_cod":63,"minecraft:tropical_fish":1,"minecraft:saddle":5,"minecraft:blackstone_stairs":1,"minecraft:mutton":5,"minecraft:cod":15,"minecraft:white_wool":3,"minecraft:cobblestone":21,"minecraft:basalt":3,"minecraft:magma_cream":8,"minecraft:salmon":7,"minecraft:brown_wool":2,"minecraft:leather":6,"minecraft:golden_leggings":1,"minecraft:potato":1,"minecraft:lily_pad":2,"minecraft:oak_log":92,"minecraft:gunpowder":2,"minecraft:dirt":49,"minecraft:white_banner":4,"minecraft:leather_boots":2,"minecraft:cooked_mutton":1,"minecraft:bone":7,"minecraft:apple":3,"minecraft:bow":4,"minecraft:wheat_seeds":9,"minecraft:stone_pickaxe":1,"minecraft:iron_sword":1,"minecraft:oak_planks":60,"minecraft:soul_sand":11,"minecraft:oak_slab":6,"minecraft:sand":18,"minecraft:ink_sac":3,"minecraft:white_bed":2,"minecraft:crying_obsidian":4,"minecraft:iron_hoe":1,"minecraft:campfire":2,"minecraft:cracked_polished_blackstone_bricks":34,"minecraft:iron_helmet":3,"minecraft:crossbow":1,"minecraft:diamond_axe":5,"minecraft:golden_apple":3,"minecraft:emerald":2,"minecraft:bread":86,"minecraft:oak_sapling":33,"minecraft:netherrack":9,"minecraft:diamond_pickaxe":1},"minecraft:mined":{"minecraft:blackstone_stairs":1,"minecraft:oak_sapling":3,"minecraft:jungle_leaves":4,"minecraft:grass_block":6,"minecraft:cracked_polished_blackstone_bricks":6,"minecraft:gilded_blackstone":3,"minecraft:polished_blackstone_bricks":7,"minecraft:oak_trapdoor":1,"minecraft:fire":8,"minecraft:oak_slab":2,"minecraft:blackstone":4,"minecraft:basalt":1,"minecraft:crafting_table":4,"minecraft:short_grass":21,"minecraft:chest":5,"minecraft:cobblestone":1,"minecraft:tall_grass":3,"minecraft:sugar_cane":130,"minecraft:oak_planks":2,"minecraft:oak_log":91,"minecraft:sand":20,"minecraft:dirt":11,"minecraft:netherrack":1,"minecraft:oak_leaves":161},"minecraft:custom":{"minecraft:interact_with_smithing_table":1,"minecraft:mob_kills":53,"minecraft:interact_with_crafting_table":14,"minecraft:interact_with_campfire":95,"minecraft:leave_game":7,"minecraft:time_since_death":121921,"minecraft:climb_one_cm":6310,"minecraft:sprint_one_cm":458531,"minecraft:walk_one_cm":614850,"minecraft:damage_blocked_by_shield":285,"minecraft:drop":96,"minecraft:talked_to_villager":23,"minecraft:raid_win":3,"minecraft:play_time":237776,"minecraft:deaths":3,"minecraft:sneak_time":8316,"minecraft:walk_under_water_one_cm":12482,"minecraft:boat_one_cm":104335,"minecraft:jump":3679,"minecraft:walk_on_water_one_cm":31021,"minecraft:total_world_time":237776,"minecraft:interact_with_furnace":3,"minecraft:play_record":3,"minecraft:traded_with_villager":21,"minecraft:interact_with_stonecutter":2,"minecraft:sleep_in_bed":11,"minecraft:time_since_rest":27407,"minecraft:damage_taken":2888,"minecraft:damage_dealt":5601,"minecraft:swim_one_cm":23181,"minecraft:fly_one_cm":402935,"minecraft:open_chest":100,"minecraft:crouch_one_cm":16835,"minecraft:fish_caught":27,"minecraft:fall_one_cm":87823},"minecraft:broken":{"minecraft:flint_and_steel":1,"minecraft:iron_axe":1},"minecraft:crafted":{"minecraft:oak_planks":262,"minecraft:stone_pickaxe":1,"minecraft:chest":1,"minecraft:arrow":176,"minecraft:emerald":10,"minecraft:crafting_table":3,"minecraft:gold_block":2,"minecraft:air":0,"minecraft:oak_boat":2,"minecraft:golden_apple":8,"minecraft:stick":406,"minecraft:gold_ingot":69},"minecraft:used":{"minecraft:oak_trapdoor":1,"minecraft:flint_and_steel":64,"minecraft:chest":7,"minecraft:shield":20,"minecraft:cooked_salmon":6,"minecraft:netherrack":4,"minecraft:iron_chestplate":1,"minecraft:soul_sand":1,"minecraft:dirt":10,"minecraft:obsidian":2,"minecraft:jungle_sapling":1,"minecraft:iron_axe":66,"minecraft:iron_boots":1,"minecraft:diamond_chestplate":1,"minecraft:bow":90,"minecraft:oak_sapling":32,"minecraft:cooked_cod":20,"minecraft:egg":1,"minecraft:iron_leggings":1,"minecraft:stone_pickaxe":23,"minecraft:oak_planks":8,"minecraft:diamond_axe":106,"minecraft:sugar_cane":4,"minecraft:polished_blackstone_bricks":32,"minecraft:sand":9,"minecraft:oak_slab":5,"minecraft:crafting_table":5,"minecraft:crossbow":41,"minecraft:white_bed":1,"minecraft:apple":2,"minecraft:cracked_polished_blackstone_bricks":12,"minecraft:bread":28,"minecraft:iron_pickaxe":1,"minecraft:stone_axe":75,"minecraft:fishing_rod":48,"minecraft:cobblestone":8,"minecraft:white_banner":3,"minecraft:oak_boat":4}},"DataVersion":3953}