{"stats":{"minecraft:dropped":{"minecraft:bread":33,"minecraft:oak_slab":1,"minecraft:wheat_seeds":6,"minecraft:ominous_bottle":3,"minecraft:diamond_axe":3,"minecraft:oak_log":7,"minecraft:crafting_table":1,"minecraft:golden_apple":5,"minecraft:stick":204,"minecraft:torch":4,"minecraft:white_banner":1,"minecraft:sand":21,"minecraft:iron_pickaxe":2,"minecraft:iron_shovel":1,"minecraft:white_wool":1,"minecraft:rotten_flesh":2,"minecraft:oak_planks":31,"minecraft:white_bed":1,"minecraft:salmon":1,"minecraft:diamond_sword":1},"minecraft:killed":{"minecraft:spider":3,"minecraft:vindicator":1,"minecraft:skeleton":15,"minecraft:chicken":3,"minecraft:piglin_brute":1,"minecraft:magma_cube":7,"minecraft:piglin":4,"minecraft:pig":10,"minecraft:ravager":1,"minecraft:creeper":2,"minecraft:squid":1,"minecraft:sheep":4,"minecraft:pillager":8,"minecraft:zombie":13,"minecraft:cow":6},"minecraft:killed_by":{"minecraft:player":1,"minecraft:piglin_brute":1},"minecraft:picked_up":{"minecraft:fishing_rod":2,"minecraft:iron_chestplate":1,"minecraft:crafting_table":10,"minecraft:chicken":3,"minecraft:ominous_bottle":2,"minecraft:lead":1,"minecraft:enchanted_book":1,"minecraft:gold_block":4,"minecraft:potion":2,"minecraft:gilded_blackstone":2,"minecraft:shield":3,"minecraft:golden_sword":1,"minecraft:string":35,"minecraft:music_disc_cat":4,"minecraft:oak_trapdoor":1,"minecraft:iron_axe":1,"minecraft:cooked_salmon":21,"minecraft:flint_and_steel":1,"minecraft:iron_leggings":4,"minecraft:pufferfish":7,"minecraft:netherite_ingot":1,"minecraft:iron_shovel":2,"minecraft:blackstone":14,"minecraft:gold_nugget":3,"minecraft:cobbled_deepslate":17,"minecraft:bucket":1,"minecraft:beef":12,"minecraft:oak_boat":3,"minecraft:jungle_sapling":1,"minecraft:light_gray_wool":1,"minecraft:sugar_cane":234,"minecraft:chest":7,"minecraft:iron_boots":4,"minecraft:egg":3,"minecraft:raw_iron":64,"minecraft:stick":72,"minecraft:oak_fence":4,"minecraft:torch":3,"minecraft:bowl":1,"minecraft:porkchop":22,"minecraft:polished_blackstone_bricks":42,"minecraft:pointed_dripstone":2,"minecraft:diorite":1,"minecraft:redstone":28,"minecraft:arrow":16,"minecraft:diamond_chestplate":3,"minecraft:rotten_flesh":32,"minecraft:cooked_cod":63,"minecraft:tropical_fish":1,"minecraft:saddle":5,"minecraft:blackstone_stairs":1,"minecraft:mutton":5,"minecraft:cod":19,"minecraft:white_wool":3,"minecraft:cobblestone":54,"minecraft:feather":1,"minecraft:basalt":3,"minecraft:magma_cream":8,"minecraft:andesite":8,"minecraft:salmon":12,"minecraft:brown_wool":2,"minecraft:leather":6,"minecraft:golden_leggings":1,"minecraft:potato":1,"minecraft:lily_pad":2,"minecraft:oak_log":113,"minecraft:gunpowder":4,"minecraft:lapis_lazuli":27,"minecraft:dirt":56,"minecraft:white_banner":5,"minecraft:leather_boots":2,"minecraft:cooked_mutton":1,"minecraft:bone":21,"minecraft:apple":3,"minecraft:bow":4,"minecraft:wheat_seeds":9,"minecraft:raw_gold":14,"minecraft:stone_pickaxe":1,"minecraft:iron_sword":1,"minecraft:oak_planks":60,"minecraft:soul_sand":11,"minecraft:oak_slab":6,"minecraft:sand":18,"minecraft:ink_sac":3,"minecraft:white_bed":3,"minecraft:crying_obsidian":4,"minecraft:spider_eye":2,"minecraft:iron_hoe":1,"minecraft:diamond":21,"minecraft:campfire":2,"minecraft:granite":4,"minecraft:cracked_polished_blackstone_bricks":34,"minecraft:iron_helmet":3,"minecraft:crossbow":1,"minecraft:diamond_axe":6,"minecraft:golden_apple":5,"minecraft:emerald":2,"minecraft:bread":86,"minecraft:oak_sapling":33,"minecraft:netherrack":9,"minecraft:coal":66,"minecraft:diamond_pickaxe":1},"minecraft:mined":{"minecraft:blackstone_stairs":1,"minecraft:white_bed":1,"minecraft:oak_sapling":3,"minecraft:deepslate_diamond_ore":21,"minecraft:jungle_leaves":4,"minecraft:granite":3,"minecraft:grass_block":7,"minecraft:cracked_polished_blackstone_bricks":6,"minecraft:gilded_blackstone":3,"minecraft:polished_blackstone_bricks":7,"minecraft:oak_trapdoor":1,"minecraft:iron_ore":50,"minecraft:fire":8,"minecraft:andesite":2,"minecraft:deepslate_lapis_ore":2,"minecraft:deepslate_iron_ore":12,"minecraft:stone":29,"minecraft:deepslate_redstone_ore":6,"minecraft:oak_slab":2,"minecraft:blackstone":4,"minecraft:basalt":1,"minecraft:crafting_table":8,"minecraft:short_grass":27,"minecraft:chest":5,"minecraft:cobblestone":1,"minecraft:tall_grass":3,"minecraft:deepslate_gold_ore":10,"minecraft:lapis_ore":3,"minecraft:sugar_cane":130,"minecraft:oak_planks":2,"minecraft:diorite":1,"minecraft:wall_torch":1,"minecraft:coal_ore":71,"minecraft:oak_log":112,"minecraft:sand":20,"minecraft:dirt":15,"minecraft:cobweb":31,"minecraft:netherrack":1,"minecraft:gold_ore":4,"minecraft:oak_leaves":161,"minecraft:deepslate":11},"minecraft:custom":{"minecraft:interact_with_smithing_table":1,"minecraft:mob_kills":81,"minecraft:interact_with_crafting_table":23,"minecraft:interact_with_campfire":95,"minecraft:leave_game":7,"minecraft:time_since_death":193921,"minecraft:climb_one_cm":6636,"minecraft:sprint_one_cm":655921,"minecraft:walk_one_cm":800380,"minecraft:damage_blocked_by_shield":510,"minecraft:drop":105,"minecraft:talked_to_villager":23,"minecraft:raid_win":3,"minecraft:play_time":309776,"minecraft:deaths":3,"minecraft:sneak_time":9395,"minecraft:walk_under_water_one_cm":19693,"minecraft:boat_one_cm":104335,"minecraft:jump":5108,"minecraft:walk_on_water_one_cm":53446,"minecraft:total_world_time":309776,"minecraft:interact_with_furnace":3,"minecraft:play_record":3,"minecraft:traded_with_villager":21,"minecraft:interact_with_stonecutter":2,"minecraft:sleep_in_bed":12,"minecraft:time_since_rest":37444,"minecraft:damage_taken":4374,"minecraft:damage_absorbed":80,"minecraft:damage_dealt":10520,"minecraft:swim_one_cm":31063,"minecraft:fly_one_cm":536489,"minecraft:open_chest":113,"minecraft:crouch_one_cm":18411,"minecraft:fish_caught":38,"minecraft:fall_one_cm":120928},"minecraft:broken":{"minecraft:flint_and_steel":1,"minecraft:iron_axe":1,"minecraft:iron_helmet":1},"minecraft:crafted":{"minecraft:oak_planks":344,"minecraft:diamond_helmet":1,"minecraft:diamond_leggings":1,"minecraft:stone_pickaxe":1,"minecraft:chest":3,"minecraft:diamond_boots":1,"minecraft:diamond_sword":2,"minecraft:arrow":176,"minecraft:emerald":10,"minecraft:crafting_table":4,"minecraft:gold_block":2,"minecraft:bucket":1,"minecraft:air":0,"minecraft:oak_boat":2,"minecraft:golden_apple":8,"minecraft:stick":450,"minecraft:iron_pickaxe":4,"minecraft:gold_ingot":69,"minecraft:torch":52},"minecraft:used":{"minecraft:oak_trapdoor":1,"minecraft:flint_and_steel":64,"minecraft:chest":9,"minecraft:shield":31,"minecraft:cooked_salmon":6,"minecraft:torch":18,"minecraft:netherrack":4,"minecraft:iron_chestplate":1,"minecraft:soul_sand":1,"minecraft:dirt":10,"minecraft:granite":4,"minecraft:obsidian":2,"minecraft:jungle_sapling":1,"minecraft:iron_axe":66,"minecraft:iron_boots":1,"minecraft:diamond_chestplate":1,"minecraft:bow":92,"minecraft:oak_sapling":32,"minecraft:cooked_cod":34,"minecraft:egg":1,"minecraft:cobbled_deepslate":17,"minecraft:iron_leggings":1,"minecraft:water_bucket":7,"minecraft:stone_pickaxe":23,"minecraft:oak_planks":8,"minecraft:diamond_axe":237,"minecraft:sugar_cane":4,"minecraft:polished_blackstone_bricks":32,"minecraft:golden_apple":2,"minecraft:sand":9,"minecraft:oak_slab":5,"minecraft:crafting_table":8,"minecraft:crossbow":41,"minecraft:white_bed":2,"minecraft:apple":2,"minecraft:cracked_polished_blackstone_bricks":12,"minecraft:bread":45,"minecraft:iron_pickaxe":228,"minecraft:stone_axe":75,"minecraft:diamond_sword":31,"minecraft:fishing_rod":63,"minecraft:cobblestone":33,"minecraft:white_banner":4,"minecraft:andesite":5,"minecraft:bucket":8,"minecraft:oak_boat":4}},"DataVersion":3953}