{"stats":{"minecraft:crafted":{"minecraft:oak_planks":344,"minecraft:diamond_helmet":3,"minecraft:diamond_leggings":2,"minecraft:chest":3,"minecraft:emerald":12,"minecraft:arrow":176,"minecraft:crafting_table":4,"minecraft:gold_block":2,"minecraft:paper":315,"minecraft:stick":450,"minecraft:iron_pickaxe":4,"minecraft:gold_ingot":69,"minecraft:stone_pickaxe":1,"minecraft:diamond_boots":1,"minecraft:diamond_sword":2,"minecraft:bucket":1,"minecraft:air":0,"minecraft:oak_boat":2,"minecraft:golden_apple":8,"minecraft:torch":52,"minecraft:diamond_chestplate":1},"minecraft:picked_up":{"minecraft:iron_chestplate":3,"minecraft:diamond_sword":2,"minecraft:lead":3,"minecraft:potion":12,"minecraft:enchanted_book":3,"minecraft:gilded_blackstone":2,"minecraft:golden_sword":1,"minecraft:music_disc_cat":6,"minecraft:raw_copper":23,"minecraft:string":43,"minecraft:waxed_cut_copper_slab":3,"minecraft:cooked_salmon":32,"minecraft:iron_leggings":4,"minecraft:red_candle":8,"minecraft:netherite_ingot":1,"minecraft:pufferfish":7,"minecraft:diamond_leggings":3,"minecraft:gold_nugget":3,"minecraft:cobbled_deepslate":129,"minecraft:bucket":1,"minecraft:trial_key":31,"minecraft:iron_pickaxe":2,"minecraft:enchanted_golden_apple":3,"minecraft:iron_boots":4,"minecraft:tipped_arrow":77,"minecraft:stick":72,"minecraft:oak_fence":4,"minecraft:torch":55,"minecraft:porkchop":22,"minecraft:waxed_copper_grate":5,"minecraft:pointed_dripstone":3,"minecraft:diorite":13,"minecraft:honey_bottle":2,"minecraft:rotten_flesh":168,"minecraft:tropical_fish":1,"minecraft:iron_block":1,"minecraft:blackstone_stairs":1,"minecraft:cod":19,"minecraft:cobblestone":178,"minecraft:feather":1,"minecraft:magma_cream":8,"minecraft:water_bucket":4,"minecraft:andesite":22,"minecraft:brown_wool":2,"minecraft:golden_leggings":1,"minecraft:potato":3,"minecraft:tuff":30,"minecraft:lapis_lazuli":47,"minecraft:dirt":97,"minecraft:leather_boots":2,"minecraft:bone":79,"minecraft:bow":15,"minecraft:wheat_seeds":9,"minecraft:raw_gold":14,"minecraft:bolt_armor_trim_smithing_template":2,"minecraft:diamond_helmet":4,"minecraft:oak_planks":70,"minecraft:honeycomb":15,"minecraft:waxed_chiseled_copper":4,"minecraft:sand":18,"minecraft:ink_sac":8,"minecraft:barrel":1,"minecraft:iron_hoe":1,"minecraft:diamond":48,"minecraft:waxed_oxidized_copper_grate":9,"minecraft:cracked_polished_blackstone_bricks":34,"minecraft:granite":4,"minecraft:crossbow":5,"minecraft:breeze_rod":33,"minecraft:golden_apple":37,"minecraft:bread":93,"minecraft:emerald":55,"minecraft:music_disc_precipice":5,"minecraft:oak_sapling":34,"minecraft:netherrack":9,"minecraft:ominous_trial_key":4,"minecraft:diamond_pickaxe":1,"minecraft:lingering_potion":2,"minecraft:fishing_rod":2,"minecraft:waxed_oxidized_cut_copper":2,"minecraft:crafting_table":10,"minecraft:ominous_bottle":7,"minecraft:chicken":3,"minecraft:gold_block":4,"minecraft:brick":7,"minecraft:shield":4,"minecraft:wind_charge":28,"minecraft:oak_trapdoor":1,"minecraft:flow_banner_pattern":4,"minecraft:iron_axe":1,"minecraft:flint_and_steel":3,"minecraft:iron_shovel":2,"minecraft:blackstone":14,"minecraft:beef":12,"minecraft:oak_boat":3,"minecraft:chiseled_tuff":1,"minecraft:jungle_sapling":1,"minecraft:light_gray_wool":1,"minecraft:guster_pottery_sherd":1,"minecraft:sugar_cane":554,"minecraft:chest":7,"minecraft:phantom_membrane":2,"minecraft:waxed_oxidized_copper":3,"minecraft:egg":4,"minecraft:raw_iron":102,"minecraft:bowl":1,"minecraft:fire_charge":12,"minecraft:polished_blackstone_bricks":42,"minecraft:carrot":1,"minecraft:redstone":38,"minecraft:waxed_oxidized_chiseled_copper":1,"minecraft:arrow":104,"minecraft:diamond_chestplate":6,"minecraft:cooked_cod":89,"minecraft:diamond_boots":3,"minecraft:saddle":6,"minecraft:flow_armor_trim_smithing_template":5,"minecraft:tuff_bricks":31,"minecraft:mutton":5,"minecraft:white_wool":3,"minecraft:basalt":3,"minecraft:golden_carrot":2,"minecraft:salmon":12,"minecraft:leather":9,"minecraft:red_glazed_terracotta":2,"minecraft:waxed_copper_bulb":2,"minecraft:lily_pad":2,"minecraft:oak_log":113,"minecraft:waxed_copper_block":15,"minecraft:gunpowder":4,"minecraft:paper":246,"minecraft:white_banner":5,"minecraft:cooked_mutton":1,"minecraft:apple":3,"minecraft:polished_tuff_slab":2,"minecraft:stone_pickaxe":1,"minecraft:iron_ingot":11,"minecraft:cooked_chicken":9,"minecraft:glass_bottle":2,"minecraft:iron_sword":1,"minecraft:soul_sand":11,"minecraft:oak_slab":6,"minecraft:emerald_block":2,"minecraft:gravel":5,"minecraft:white_bed":4,"minecraft:crying_obsidian":4,"minecraft:polished_tuff":6,"minecraft:spider_eye":5,"minecraft:campfire":2,"minecraft:iron_helmet":3,"minecraft:diamond_axe":9,"minecraft:baked_potato":12,"minecraft:coal":69,"minecraft:chiseled_tuff_bricks":6},"minecraft:custom":{"minecraft:interact_with_crafting_table":32,"minecraft:open_barrel":7,"minecraft:leave_game":11,"minecraft:time_since_death":3505,"minecraft:sprint_one_cm":1370371,"minecraft:damage_blocked_by_shield":2862,"minecraft:drop":257,"minecraft:talked_to_villager":63,"minecraft:play_time":570324,"minecraft:deaths":7,"minecraft:jump":8783,"minecraft:interact_with_brewingstand":1,"minecraft:walk_on_water_one_cm":146528,"minecraft:enchant_item":6,"minecraft:interact_with_furnace":3,"minecraft:play_record":5,"minecraft:traded_with_villager":23,"minecraft:interact_with_cartography_table":1,"minecraft:sleep_in_bed":16,"minecraft:damage_dealt":35085,"minecraft:crouch_one_cm":32398,"minecraft:inspect_dispenser":15,"minecraft:interact_with_smithing_table":6,"minecraft:mob_kills":230,"minecraft:interact_with_anvil":10,"minecraft:interact_with_campfire":95,"minecraft:climb_one_cm":22404,"minecraft:walk_one_cm":1614120,"minecraft:raid_win":3,"minecraft:sneak_time":16523,"minecraft:walk_under_water_one_cm":85910,"minecraft:boat_one_cm":104335,"minecraft:interact_with_blast_furnace":1,"minecraft:total_world_time":570324,"minecraft:interact_with_stonecutter":3,"minecraft:time_since_rest":3530,"minecraft:damage_taken":11516,"minecraft:damage_absorbed":117,"minecraft:swim_one_cm":64779,"minecraft:fly_one_cm":947299,"minecraft:open_chest":351,"minecraft:fish_caught":38,"minecraft:fall_one_cm":244599},"minecraft:broken":{"minecraft:diamond_boots":1,"minecraft:flint_and_steel":1,"minecraft:shield":1,"minecraft:iron_axe":1,"minecraft:iron_pickaxe":2,"minecraft:iron_helmet":1},"minecraft:mined":{"minecraft:waxed_cut_copper_slab":1,"minecraft:blackstone_stairs":1,"minecraft:white_bed":2,"minecraft:oak_sapling":3,"minecraft:jungle_leaves":4,"minecraft:granite":14,"minecraft:grass_block":24,"minecraft:cracked_polished_blackstone_bricks":6,"minecraft:chiseled_tuff_bricks":3,"minecraft:tuff_bricks":19,"minecraft:gilded_blackstone":3,"minecraft:polished_blackstone_bricks":7,"minecraft:cobbled_deepslate":3,"minecraft:iron_ore":75,"minecraft:fire":8,"minecraft:barrel":1,"minecraft:deepslate_lapis_ore":6,"minecraft:pointed_dripstone":1,"minecraft:deepslate_redstone_ore":9,"minecraft:blackstone":4,"minecraft:torch":3,"minecraft:chest":5,"minecraft:cobblestone":20,"minecraft:sugar_cane":299,"minecraft:oak_planks":12,"minecraft:waxed_chiseled_copper":4,"minecraft:wall_torch":9,"minecraft:deepslate_copper_ore":1,"minecraft:waxed_copper_block":13,"minecraft:oak_log":112,"minecraft:waxed_oxidized_copper":5,"minecraft:sand":20,"minecraft:dirt":39,"minecraft:netherrack":1,"minecraft:oak_leaves":165,"minecraft:deepslate":88,"minecraft:tuff":30,"minecraft:deepslate_diamond_ore":41,"minecraft:decorated_pot":2,"minecraft:oak_trapdoor":1,"minecraft:waxed_oxidized_cut_copper":2,"minecraft:waxed_copper_grate":1,"minecraft:andesite":20,"minecraft:deepslate_iron_ore":27,"minecraft:stone":160,"minecraft:waxed_exposed_copper_bulb":1,"minecraft:oak_slab":2,"minecraft:basalt":1,"minecraft:crafting_table":8,"minecraft:short_grass":29,"minecraft:tall_grass":3,"minecraft:copper_ore":2,"minecraft:lapis_ore":3,"minecraft:deepslate_gold_ore":10,"minecraft:diorite":20,"minecraft:waxed_oxidized_copper_grate":7,"minecraft:coal_ore":73,"minecraft:gravel":3,"minecraft:cobweb":32,"minecraft:gold_ore":4},"minecraft:killed":{"minecraft:spider":8,"minecraft:skeleton":23,"minecraft:chicken":3,"minecraft:silverfish":17,"minecraft:piglin_brute":1,"minecraft:magma_cube":7,"minecraft:piglin":4,"minecraft:pig":10,"minecraft:creeper":2,"minecraft:sheep":4,"minecraft:trader_llama":2,"minecraft:pillager":8,"minecraft:zombie":73,"minecraft:stray":36,"minecraft:cow":6,"minecraft:vindicator":1,"minecraft:slime":2,"minecraft:drowned":1,"minecraft:wandering_trader":1,"minecraft:ravager":1,"minecraft:squid":3,"minecraft:breeze":8},"minecraft:used":{"minecraft:tuff_bricks":1,"minecraft:chest":9,"minecraft:shield":71,"minecraft:iron_chestplate":1,"minecraft:soul_sand":1,"minecraft:tuff":30,"minecraft:snowball":7,"minecraft:obsidian":2,"minecraft:honey_bottle":4,"minecraft:jungle_sapling":1,"minecraft:waxed_oxidized_copper_grate":1,"minecraft:bow":125,"minecraft:oak_sapling":32,"minecraft:cooked_cod":64,"minecraft:egg":1,"minecraft:diamond_boots":1,"minecraft:stone_pickaxe":23,"minecraft:oak_planks":8,"minecraft:diamond_axe":305,"minecraft:sugar_cane":5,"minecraft:golden_apple":3,"minecraft:sand":9,"minecraft:crossbow":46,"minecraft:bread":58,"minecraft:diamond_sword":387,"minecraft:andesite":10,"minecraft:oak_boat":4,"minecraft:oak_trapdoor":1,"minecraft:flint_and_steel":64,"minecraft:cooked_salmon":70,"minecraft:netherrack":4,"minecraft:trial_key":11,"minecraft:torch":32,"minecraft:dirt":38,"minecraft:diamond_helmet":1,"minecraft:granite":4,"minecraft:iron_axe":66,"minecraft:iron_boots":1,"minecraft:diamond_chestplate":2,"minecraft:cobbled_deepslate":109,"minecraft:iron_leggings":1,"minecraft:water_bucket":150,"minecraft:baked_potato":3,"minecraft:polished_blackstone_bricks":32,"minecraft:oak_slab":5,"minecraft:crafting_table":8,"minecraft:white_bed":2,"minecraft:apple":2,"minecraft:ominous_trial_key":3,"minecraft:wind_charge":5,"minecraft:cracked_polished_blackstone_bricks":12,"minecraft:iron_pickaxe":678,"minecraft:stone_axe":75,"minecraft:fishing_rod":63,"minecraft:cobblestone":159,"minecraft:white_banner":4,"minecraft:bucket":151,"minecraft:diamond_leggings":1},"minecraft:dropped":{"minecraft:ominous_bottle":3,"minecraft:diamond_axe":4,"minecraft:lapis_lazuli":22,"minecraft:oak_log":7,"minecraft:baked_potato":9,"minecraft:glass_bottle":4,"minecraft:crafting_table":1,"minecraft:honeycomb":15,"minecraft:emerald":23,"minecraft:dirt":5,"minecraft:waxed_oxidized_chiseled_copper":1,"minecraft:music_disc_precipice":2,"minecraft:sand":21,"minecraft:iron_pickaxe":3,"minecraft:white_wool":1,"minecraft:bone":16,"minecraft:gravel":3,"minecraft:red_glazed_terracotta":1,"minecraft:cooked_chicken":9,"minecraft:chiseled_tuff_bricks":5,"minecraft:cobbled_deepslate":20,"minecraft:pointed_dripstone":1,"minecraft:rotten_flesh":83,"minecraft:oak_planks":31,"minecraft:white_bed":1,"minecraft:carrot":1,"minecraft:salmon":1,"minecraft:waxed_copper_block":8,"minecraft:wind_charge":9,"minecraft:tipped_arrow":30,"minecraft:red_candle":8,"minecraft:breeze_rod":1,"minecraft:chiseled_tuff":1,"minecraft:arrow":28,"minecraft:water_bucket":2,"minecraft:iron_ingot":5,"minecraft:bread":37,"minecraft:oak_slab":1,"minecraft:wheat_seeds":6,"minecraft:cobblestone":6,"minecraft:waxed_copper_grate":4,"minecraft:polished_tuff":3,"minecraft:ominous_trial_key":1,"minecraft:flow_armor_trim_smithing_template":1,"minecraft:golden_apple":6,"minecraft:stick":204,"minecraft:iron_block":1,"minecraft:golden_carrot":2,"minecraft:torch":4,"minecraft:waxed_copper_bulb":1,"minecraft:diamond_helmet":2,"minecraft:waxed_oxidized_copper":1,"minecraft:white_banner":1,"minecraft:flow_banner_pattern":2,"minecraft:iron_shovel":1,"minecraft:string":1,"minecraft:redstone":2,"minecraft:tuff_bricks":26,"minecraft:raw_copper":23,"minecraft:polished_tuff_slab":1,"minecraft:diamond_sword":1,"minecraft:potato":2,"minecraft:trial_key":4,"minecraft:oak_sapling":1,"minecraft:waxed_oxidized_cut_copper":2,"minecraft:spider_eye":2,"minecraft:waxed_chiseled_copper":4,"minecraft:bow":2,"minecraft:waxed_oxidized_copper_grate":2},"minecraft:killed_by":{"minecraft:piglin_brute":1,"minecraft:player":4,"minecraft:stray":1}},"DataVersion":3953}